distance_km,shipment_weight_kg,planned_delivery_hrs,is_weekend_dispatch,month_sin,month_cos,delay_hrs,transport_mode_Rail,transport_mode_Road,transport_mode_Sea
1947.3,1003.3,42.0,0,0.49999999999999994,0.8660254037844387,7.31,True,False,False
3092.5,1332.7,127.5,0,0.49999999999999994,0.8660254037844387,10.18,False,False,True
1223.0,331.7,33.8,0,0.49999999999999994,0.8660254037844387,6.95,False,True,False
556.0,287.7,4.5,0,0.49999999999999994,0.8660254037844387,4.33,False,False,False
2183.5,312.6,54.7,0,0.49999999999999994,0.8660254037844387,12.29,False,True,False
943.0,823.4,28.4,0,0.49999999999999994,0.8660254037844387,7.6,False,True,False
2760.9,92.1,115.0,0,0.49999999999999994,0.8660254037844387,10.14,False,False,True
1145.3,615.4,8.0,1,0.49999999999999994,0.8660254037844387,8.03,False,False,False
1712.5,1476.7,40.3,1,0.49999999999999994,0.8660254037844387,14.72,False,True,False
1665.9,578.8,40.2,1,0.49999999999999994,0.8660254037844387,18.91,False,True,False
855.4,1092.7,26.7,1,0.49999999999999994,0.8660254037844387,10.85,False,True,False
2195.4,2267.7,55.7,1,0.49999999999999994,0.8660254037844387,17.89,False,True,False
337.4,509.9,12.5,1,0.49999999999999994,0.8660254037844387,4.35,False,True,False
1508.6,2099.8,33.0,0,0.49999999999999994,0.8660254037844387,10.81,True,False,False
376.7,639.8,14.6,0,0.49999999999999994,0.8660254037844387,2.92,False,True,False
662.4,533.0,17.1,0,0.49999999999999994,0.8660254037844387,2.01,False,True,False
992.9,786.9,29.6,0,0.49999999999999994,0.8660254037844387,7.88,False,True,False
2184.7,1001.1,52.2,0,0.49999999999999994,0.8660254037844387,7.85,False,True,False
3309.9,361.7,137.6,0,0.49999999999999994,0.8660254037844387,18.67,False,False,True
2317.5,489.3,11.0,0,0.49999999999999994,0.8660254037844387,9.72,False,False,False
246.8,1169.7,8.0,0,0.49999999999999994,0.8660254037844387,3.04,False,True,False
631.2,1380.1,18.0,0,0.49999999999999994,0.8660254037844387,1.85,False,True,False
1152.5,462.0,32.6,0,0.49999999999999994,0.8660254037844387,3.59,False,True,False
1212.1,282.6,32.3,0,0.49999999999999994,0.8660254037844387,7.73,False,True,False
593.5,639.7,20.2,0,0.49999999999999994,0.8660254037844387,3.45,False,True,False
2030.4,357.3,47.2,0,0.49999999999999994,0.8660254037844387,10.07,False,True,False
2130.0,375.2,8.0,0,0.49999999999999994,0.8660254037844387,6.89,False,False,False
3463.4,90.3,144.1,1,0.49999999999999994,0.8660254037844387,12.76,False,False,True
981.4,858.7,25.8,1,0.49999999999999994,0.8660254037844387,10.87,True,False,False
1032.7,674.4,24.3,1,0.49999999999999994,0.8660254037844387,8.7,True,False,False
1291.0,129.5,34.0,1,0.49999999999999994,0.8660254037844387,14.05,False,True,False
1140.6,450.4,29.2,1,0.49999999999999994,0.8660254037844387,8.83,False,True,False
528.9,680.9,14.5,0,0.49999999999999994,0.8660254037844387,1.33,False,True,False
201.7,1704.4,10.3,0,0.49999999999999994,0.8660254037844387,2.39,False,True,False
1913.4,526.3,40.4,0,0.49999999999999994,0.8660254037844387,6.37,True,False,False
158.8,914.5,5.3,0,0.49999999999999994,0.8660254037844387,1.43,True,False,False
539.4,218.6,17.8,0,0.49999999999999994,0.8660254037844387,2.12,False,True,False
727.1,100.2,34.2,0,0.49999999999999994,0.8660254037844387,4.03,False,False,True
1864.7,433.3,47.7,0,0.49999999999999994,0.8660254037844387,14.98,False,True,False
198.6,226.7,10.8,0,0.49999999999999994,0.8660254037844387,4.39,False,True,False
414.0,662.6,9.8,0,0.49999999999999994,0.8660254037844387,5.62,True,False,False
742.4,414.6,23.6,0,0.49999999999999994,0.8660254037844387,4.74,False,True,False
1351.3,310.3,56.8,0,0.49999999999999994,0.8660254037844387,2.81,False,False,True
1910.5,362.8,39.6,0,0.49999999999999994,0.8660254037844387,9.66,True,False,False
841.5,177.6,21.6,0,0.49999999999999994,0.8660254037844387,3.56,False,True,False
1588.6,664.1,43.2,0,0.49999999999999994,0.8660254037844387,7.44,False,True,False
1275.2,1635.8,34.0,0,0.49999999999999994,0.8660254037844387,12.18,False,True,False
3510.0,683.0,146.1,0,0.49999999999999994,0.8660254037844387,15.24,False,False,True
1378.9,872.5,35.2,0,0.49999999999999994,0.8660254037844387,9.77,False,True,False
1446.4,258.2,34.7,0,0.49999999999999994,0.8660254037844387,6.13,False,True,False
1149.6,497.8,23.6,1,0.49999999999999994,0.8660254037844387,8.78,True,False,False
1094.5,469.0,31.4,1,0.49999999999999994,0.8660254037844387,8.78,False,True,False
1717.5,740.7,45.7,1,0.49999999999999994,0.8660254037844387,11.35,False,True,False
1432.6,546.9,37.0,1,0.49999999999999994,0.8660254037844387,12.28,False,True,False
791.5,868.5,24.9,1,0.49999999999999994,0.8660254037844387,6.85,False,True,False
837.2,1807.1,21.2,1,0.49999999999999994,0.8660254037844387,16.84,True,False,False
1007.7,1075.3,28.3,1,0.49999999999999994,0.8660254037844387,11.35,False,True,False
460.5,750.2,17.0,1,0.49999999999999994,0.8660254037844387,15.52,False,True,False
1856.3,295.9,45.3,1,0.49999999999999994,0.8660254037844387,10.75,False,True,False
877.4,777.8,20.0,1,0.49999999999999994,0.8660254037844387,12.57,True,False,False
1670.9,362.3,74.7,0,0.49999999999999994,0.8660254037844387,8.87,False,False,True
2089.6,765.1,86.1,0,0.49999999999999994,0.8660254037844387,8.54,False,False,True
1473.3,641.3,38.7,0,0.49999999999999994,0.8660254037844387,6.73,False,True,False
2054.2,886.3,47.8,0,0.49999999999999994,0.8660254037844387,8.86,False,True,False
1560.5,1054.9,37.4,0,0.49999999999999994,0.8660254037844387,6.21,False,True,False
534.8,1995.7,27.3,0,0.49999999999999994,0.8660254037844387,2.83,False,False,True
2463.3,647.7,9.7,0,0.49999999999999994,0.8660254037844387,9.99,False,False,False
2653.8,326.5,8.1,0,0.49999999999999994,0.8660254037844387,11.43,False,False,False
1256.5,1193.6,25.7,0,0.49999999999999994,0.8660254037844387,6.93,True,False,False
1381.2,1089.4,37.6,0,0.49999999999999994,0.8660254037844387,6.01,False,True,False
2377.3,818.5,6.4,0,0.49999999999999994,0.8660254037844387,6.05,False,False,False
1465.1,727.9,38.8,0,0.49999999999999994,0.8660254037844387,6.5,False,True,False
1472.7,849.7,34.8,0,0.49999999999999994,0.8660254037844387,8.45,False,True,False
243.4,471.8,12.7,1,0.49999999999999994,0.8660254037844387,6.95,False,True,False
1335.0,952.5,29.3,1,0.49999999999999994,0.8660254037844387,8.08,True,False,False
183.3,447.6,7.7,1,0.49999999999999994,0.8660254037844387,4.76,False,True,False
1241.0,426.4,29.4,1,0.49999999999999994,0.8660254037844387,10.67,True,False,False
435.5,1110.9,15.2,1,0.49999999999999994,0.8660254037844387,6.45,False,True,False
505.5,120.7,14.1,1,0.49999999999999994,0.8660254037844387,4.46,True,False,False
2594.2,706.8,7.4,1,0.49999999999999994,0.8660254037844387,10.79,False,False,False
2245.0,330.0,43.3,1,0.49999999999999994,0.8660254037844387,10.47,True,False,False
1313.3,380.4,4.5,1,0.49999999999999994,0.8660254037844387,6.26,False,False,False
636.8,415.2,21.6,0,0.49999999999999994,0.8660254037844387,1.8,False,True,False
1686.2,311.3,41.1,0,0.49999999999999994,0.8660254037844387,12.63,False,True,False
1415.2,943.7,38.3,0,0.49999999999999994,0.8660254037844387,14.96,False,True,False
2415.1,412.4,99.5,0,0.49999999999999994,0.8660254037844387,6.74,False,False,True
1944.0,666.1,50.5,0,0.49999999999999994,0.8660254037844387,12.08,False,True,False
1119.8,352.5,5.8,0,0.49999999999999994,0.8660254037844387,0.53,False,False,False
770.7,3096.4,25.1,0,0.49999999999999994,0.8660254037844387,6.66,False,True,False
1274.6,660.0,32.2,0,0.49999999999999994,0.8660254037844387,15.35,False,True,False
1843.4,365.6,43.0,0,0.49999999999999994,0.8660254037844387,10.64,False,True,False
797.5,1672.5,7.2,0,0.49999999999999994,0.8660254037844387,5.61,False,False,False
269.2,400.5,3.4,0,0.49999999999999994,0.8660254037844387,-2.67,False,False,False
1268.7,1079.1,33.1,0,0.49999999999999994,0.8660254037844387,5.25,False,True,False
858.4,1219.7,22.0,0,0.49999999999999994,0.8660254037844387,5.42,False,True,False
893.3,487.6,23.3,0,0.49999999999999994,0.8660254037844387,8.23,True,False,False
2484.5,1982.1,6.9,0,0.49999999999999994,0.8660254037844387,10.83,False,False,False
1154.1,1096.6,32.9,0,0.49999999999999994,0.8660254037844387,8.54,False,True,False
892.2,114.0,19.2,0,0.49999999999999994,0.8660254037844387,3.59,True,False,False
480.6,1226.3,27.0,1,0.8660254037844386,0.5000000000000001,9.12,False,False,True
813.2,408.7,25.0,1,0.8660254037844386,0.5000000000000001,8.88,False,True,False
1077.7,402.9,24.2,1,0.8660254037844386,0.5000000000000001,5.3,True,False,False
1536.5,1233.6,37.0,1,0.8660254037844386,0.5000000000000001,12.44,False,True,False
831.5,1028.6,25.0,1,0.8660254037844386,0.5000000000000001,14.42,False,True,False
249.8,853.0,10.8,0,0.8660254037844386,0.5000000000000001,4.37,False,True,False
314.2,728.2,12.3,0,0.8660254037844386,0.5000000000000001,2.02,False,True,False
2092.9,491.9,50.7,0,0.8660254037844386,0.5000000000000001,19.53,False,True,False
312.5,670.1,12.1,0,0.8660254037844386,0.5000000000000001,0.57,False,True,False
1990.8,128.2,51.7,0,0.8660254037844386,0.5000000000000001,11.76,False,True,False
1807.6,805.3,8.3,0,0.8660254037844386,0.5000000000000001,8.36,False,False,False
1578.9,336.7,39.3,0,0.8660254037844386,0.5000000000000001,8.63,False,True,False
2180.2,670.0,56.3,0,0.8660254037844386,0.5000000000000001,7.54,False,True,False
1705.7,1489.5,36.6,0,0.8660254037844386,0.5000000000000001,4.99,True,False,False
688.8,530.7,5.7,0,0.8660254037844386,0.5000000000000001,2.0,False,False,False
707.5,556.9,22.3,0,0.8660254037844386,0.5000000000000001,7.96,False,True,False
302.3,720.6,3.2,0,0.8660254037844386,0.5000000000000001,-2.65,False,False,False
1197.8,480.1,30.5,0,0.8660254037844386,0.5000000000000001,6.03,False,True,False
493.5,799.5,18.5,0,0.8660254037844386,0.5000000000000001,5.92,False,True,False
1400.7,529.6,34.2,0,0.8660254037844386,0.5000000000000001,6.17,False,True,False
1848.9,208.1,44.1,0,0.8660254037844386,0.5000000000000001,7.7,False,True,False
1454.3,736.5,30.8,0,0.8660254037844386,0.5000000000000001,6.87,True,False,False
2341.5,342.5,9.9,0,0.8660254037844386,0.5000000000000001,7.39,False,False,False
471.8,936.4,10.9,0,0.8660254037844386,0.5000000000000001,10.81,True,False,False
1199.1,1065.3,34.2,1,0.8660254037844386,0.5000000000000001,10.94,False,True,False
863.3,900.3,21.2,1,0.8660254037844386,0.5000000000000001,8.33,True,False,False
995.2,625.4,30.1,1,0.8660254037844386,0.5000000000000001,7.48,False,True,False
1555.3,742.8,33.8,1,0.8660254037844386,0.5000000000000001,11.03,True,False,False
260.4,438.5,9.3,1,0.8660254037844386,0.5000000000000001,6.54,False,True,False
2240.2,1405.0,94.6,0,0.8660254037844386,0.5000000000000001,8.66,False,False,True
192.4,366.5,9.8,0,0.8660254037844386,0.5000000000000001,1.05,True,False,False
2848.2,244.9,9.4,0,0.8660254037844386,0.5000000000000001,9.88,False,False,False
1527.0,386.4,36.7,0,0.8660254037844386,0.5000000000000001,12.45,False,True,False
1528.6,1237.5,39.8,0,0.8660254037844386,0.5000000000000001,6.72,False,True,False
799.7,2055.6,20.0,0,0.8660254037844386,0.5000000000000001,6.33,False,True,False
3374.5,724.5,140.2,0,0.8660254037844386,0.5000000000000001,17.92,False,False,True
1290.8,534.4,31.5,0,0.8660254037844386,0.5000000000000001,7.24,False,True,False
717.3,319.7,20.0,0,0.8660254037844386,0.5000000000000001,10.19,False,True,False
997.7,114.8,29.2,0,0.8660254037844386,0.5000000000000001,4.73,False,True,False
375.2,131.2,14.9,0,0.8660254037844386,0.5000000000000001,3.53,False,True,False
1651.5,591.2,69.7,0,0.8660254037844386,0.5000000000000001,6.33,False,False,True
2648.6,1738.7,9.0,0,0.8660254037844386,0.5000000000000001,8.11,False,False,False
1247.5,523.6,34.9,0,0.8660254037844386,0.5000000000000001,10.56,False,True,False
1274.9,115.9,55.8,0,0.8660254037844386,0.5000000000000001,4.45,False,False,True
495.0,581.1,14.6,0,0.8660254037844386,0.5000000000000001,2.24,False,True,False
1675.0,311.7,43.0,0,0.8660254037844386,0.5000000000000001,13.32,False,True,False
2034.7,146.3,9.7,0,0.8660254037844386,0.5000000000000001,8.62,False,False,False
2199.4,192.0,11.0,0,0.8660254037844386,0.5000000000000001,3.29,False,False,False
928.5,503.3,27.4,1,0.8660254037844386,0.5000000000000001,10.35,False,True,False
1527.7,863.1,5.0,1,0.8660254037844386,0.5000000000000001,14.08,False,False,False
1116.9,1709.6,30.5,1,0.8660254037844386,0.5000000000000001,13.03,False,True,False
1535.8,138.9,69.1,1,0.8660254037844386,0.5000000000000001,7.64,False,False,True
2013.9,1479.8,51.6,0,0.8660254037844386,0.5000000000000001,11.85,False,True,False
1438.7,715.7,28.9,0,0.8660254037844386,0.5000000000000001,8.31,True,False,False
1694.6,96.3,39.9,0,0.8660254037844386,0.5000000000000001,6.9,False,True,False
231.8,586.5,10.6,0,0.8660254037844386,0.5000000000000001,2.09,False,True,False
655.8,258.6,15.4,0,0.8660254037844386,0.5000000000000001,2.88,True,False,False
3482.0,1213.5,142.0,0,0.8660254037844386,0.5000000000000001,11.92,False,False,True
340.6,1032.5,12.3,0,0.8660254037844386,0.5000000000000001,-0.47,True,False,False
832.7,437.7,19.7,0,0.8660254037844386,0.5000000000000001,1.5,True,False,False
1619.6,254.4,8.1,0,0.8660254037844386,0.5000000000000001,3.74,False,False,False
719.7,695.5,15.2,0,0.8660254037844386,0.5000000000000001,5.7,True,False,False
1528.1,516.2,40.1,0,0.8660254037844386,0.5000000000000001,5.69,False,True,False
853.2,780.0,4.5,0,0.8660254037844386,0.5000000000000001,3.24,False,False,False
882.2,761.7,22.2,0,0.8660254037844386,0.5000000000000001,5.67,False,True,False
1764.1,1835.1,45.4,0,0.8660254037844386,0.5000000000000001,7.77,False,True,False
2050.1,66.6,8.2,0,0.8660254037844386,0.5000000000000001,9.6,False,False,False
2694.9,710.1,9.4,0,0.8660254037844386,0.5000000000000001,16.19,False,False,False
1076.8,653.7,24.0,0,0.8660254037844386,0.5000000000000001,5.46,True,False,False
543.0,688.9,16.1,1,0.8660254037844386,0.5000000000000001,8.31,True,False,False
1805.5,274.2,9.6,1,0.8660254037844386,0.5000000000000001,7.2,False,False,False
314.4,336.9,12.7,1,0.8660254037844386,0.5000000000000001,9.95,False,True,False
1035.4,483.2,4.2,1,0.8660254037844386,0.5000000000000001,5.09,False,False,False
1203.1,381.8,30.8,1,0.8660254037844386,0.5000000000000001,7.3,False,True,False
1634.3,1430.8,40.1,0,0.8660254037844386,0.5000000000000001,5.57,False,True,False
2216.1,590.6,96.3,0,0.8660254037844386,0.5000000000000001,7.36,False,False,True
643.1,1548.6,16.7,0,0.8660254037844386,0.5000000000000001,2.46,False,True,False
818.8,1354.3,21.3,0,0.8660254037844386,0.5000000000000001,2.59,True,False,False
3107.7,46.1,131.3,0,0.8660254037844386,0.5000000000000001,10.56,False,False,True
1032.6,346.4,25.9,0,0.8660254037844386,0.5000000000000001,4.51,False,True,False
596.8,213.7,14.5,0,0.8660254037844386,0.5000000000000001,4.69,True,False,False
1644.0,700.2,39.8,0,0.8660254037844386,0.5000000000000001,6.4,False,True,False
738.8,1122.8,22.2,0,0.8660254037844386,0.5000000000000001,2.85,False,True,False
1830.2,259.9,45.2,0,0.8660254037844386,0.5000000000000001,6.11,False,True,False
1286.8,935.8,5.6,0,0.8660254037844386,0.5000000000000001,7.6,False,False,False
2223.5,851.2,47.4,0,0.8660254037844386,0.5000000000000001,8.76,True,False,False
1355.4,1016.2,33.6,0,0.8660254037844386,0.5000000000000001,8.11,False,True,False
1905.4,2377.3,7.2,0,0.8660254037844386,0.5000000000000001,6.33,False,False,False
3002.3,1178.4,124.5,0,0.8660254037844386,0.5000000000000001,8.92,False,False,True
1211.9,260.0,52.6,0,0.8660254037844386,0.5000000000000001,5.13,False,False,True
1017.1,370.2,25.8,0,0.8660254037844386,0.5000000000000001,4.85,True,False,False
574.0,1070.9,15.8,0,0.8660254037844386,0.5000000000000001,1.95,False,True,False
687.9,1297.3,22.7,1,1.0,6.123233995736766e-17,8.77,False,True,False
1139.3,1541.2,31.4,1,1.0,6.123233995736766e-17,13.84,False,True,False
1925.2,134.0,42.8,1,1.0,6.123233995736766e-17,13.4,True,False,False
330.7,567.2,14.6,1,1.0,6.123233995736766e-17,21.0,False,True,False
1124.0,256.2,27.6,1,1.0,6.123233995736766e-17,18.24,False,True,False
1586.4,577.8,35.8,1,1.0,6.123233995736766e-17,10.43,True,False,False
1562.6,250.7,38.2,1,1.0,6.123233995736766e-17,10.97,False,True,False
1480.0,147.1,39.1,1,1.0,6.123233995736766e-17,9.67,False,True,False
1319.1,143.5,34.8,1,1.0,6.123233995736766e-17,7.83,False,True,False
1609.1,347.9,70.6,1,1.0,6.123233995736766e-17,11.75,False,False,True
924.6,191.9,26.0,1,1.0,6.123233995736766e-17,12.04,False,True,False
2469.2,1254.6,105.5,0,1.0,6.123233995736766e-17,8.25,False,False,True
2859.6,398.8,120.8,0,1.0,6.123233995736766e-17,9.36,False,False,True
501.6,235.6,12.8,0,1.0,6.123233995736766e-17,2.04,True,False,False
1638.9,316.0,71.2,0,1.0,6.123233995736766e-17,3.52,False,False,True
578.2,175.0,17.2,0,1.0,6.123233995736766e-17,4.05,True,False,False
421.2,155.6,15.7,0,1.0,6.123233995736766e-17,11.87,False,True,False
1988.8,126.9,51.6,0,1.0,6.123233995736766e-17,9.58,False,True,False
914.4,188.4,22.6,0,1.0,6.123233995736766e-17,2.42,True,False,False
2174.0,302.5,54.9,0,1.0,6.123233995736766e-17,10.23,False,True,False
266.6,411.0,10.9,0,1.0,6.123233995736766e-17,5.36,False,True,False
1309.8,1776.5,33.7,0,1.0,6.123233995736766e-17,6.44,False,True,False
1971.7,208.7,10.0,1,1.0,6.123233995736766e-17,6.0,False,False,False
1423.9,527.6,29.6,1,1.0,6.123233995736766e-17,9.78,True,False,False
1211.9,2381.4,33.2,1,1.0,6.123233995736766e-17,14.39,False,True,False
733.3,1620.8,20.7,1,1.0,6.123233995736766e-17,11.76,False,True,False
425.2,1543.9,12.3,1,1.0,6.123233995736766e-17,11.74,True,False,False
368.9,1654.8,15.7,1,1.0,6.123233995736766e-17,8.11,False,True,False
1289.8,1411.0,9.3,0,1.0,6.123233995736766e-17,2.42,False,False,False
2245.6,671.9,8.4,0,1.0,6.123233995736766e-17,6.64,False,False,False
2153.8,1001.3,6.3,0,1.0,6.123233995736766e-17,7.78,False,False,False
306.1,1611.2,14.9,0,1.0,6.123233995736766e-17,2.07,False,False,True
1703.0,2149.0,6.0,0,1.0,6.123233995736766e-17,7.35,False,False,False
340.4,497.8,6.4,0,1.0,6.123233995736766e-17,0.27,False,False,False
253.4,929.6,13.5,0,1.0,6.123233995736766e-17,0.61,False,True,False
909.0,1431.1,22.6,0,1.0,6.123233995736766e-17,11.11,False,True,False
2178.5,542.2,54.2,0,1.0,6.123233995736766e-17,8.63,False,True,False
2060.1,1064.5,49.3,0,1.0,6.123233995736766e-17,13.48,False,True,False
527.4,1550.7,14.0,0,1.0,6.123233995736766e-17,8.65,True,False,False
1910.3,286.6,44.8,0,1.0,6.123233995736766e-17,7.46,False,True,False
1563.1,456.8,38.9,0,1.0,6.123233995736766e-17,5.28,False,True,False
1704.0,532.8,44.2,0,1.0,6.123233995736766e-17,7.67,False,True,False
1523.8,145.4,30.0,0,1.0,6.123233995736766e-17,5.52,True,False,False
2542.9,416.0,106.3,0,1.0,6.123233995736766e-17,11.64,False,False,True
326.4,325.5,12.8,1,1.0,6.123233995736766e-17,3.04,False,True,False
532.6,293.7,17.2,1,1.0,6.123233995736766e-17,8.17,False,True,False
810.5,1126.2,20.2,1,1.0,6.123233995736766e-17,7.6,True,False,False
1730.7,681.0,35.0,1,1.0,6.123233995736766e-17,8.64,True,False,False
1233.7,863.0,32.3,1,1.0,6.123233995736766e-17,11.1,False,True,False
1144.3,663.8,30.8,1,1.0,6.123233995736766e-17,8.65,False,True,False
835.4,522.5,21.3,1,1.0,6.123233995736766e-17,11.15,True,False,False
1288.9,699.6,32.0,0,1.0,6.123233995736766e-17,8.72,False,True,False
1506.8,754.0,36.2,0,1.0,6.123233995736766e-17,6.09,False,True,False
461.4,511.9,15.8,0,1.0,6.123233995736766e-17,4.25,True,False,False
1401.2,280.5,31.4,0,1.0,6.123233995736766e-17,5.55,True,False,False
450.7,291.9,14.1,0,1.0,6.123233995736766e-17,14.59,False,True,False
2490.7,827.8,6.9,0,1.0,6.123233995736766e-17,5.5,False,False,False
2264.1,1048.0,93.3,0,1.0,6.123233995736766e-17,11.8,False,False,True
977.1,923.9,26.1,0,1.0,6.123233995736766e-17,7.48,False,True,False
1217.1,2151.5,34.9,0,1.0,6.123233995736766e-17,5.47,False,True,False
1431.9,405.3,34.9,0,1.0,6.123233995736766e-17,5.53,False,True,False
1452.4,632.7,37.1,0,1.0,6.123233995736766e-17,7.45,False,True,False
329.8,106.2,3.7,0,1.0,6.123233995736766e-17,-1.87,False,False,False
1544.8,890.1,64.9,0,1.0,6.123233995736766e-17,15.06,False,False,True
1677.7,1343.3,39.9,0,1.0,6.123233995736766e-17,4.94,False,True,False
2219.5,581.4,44.4,0,1.0,6.123233995736766e-17,9.45,True,False,False
158.0,344.7,5.0,0,1.0,6.123233995736766e-17,1.32,True,False,False
1245.1,1257.7,53.8,1,1.0,6.123233995736766e-17,13.14,False,False,True
837.5,844.1,23.3,1,1.0,6.123233995736766e-17,13.69,False,True,False
2179.9,2181.8,45.9,1,1.0,6.123233995736766e-17,17.03,True,False,False
1806.0,440.9,35.4,1,1.0,6.123233995736766e-17,10.45,True,False,False
1810.8,470.5,43.1,1,1.0,6.123233995736766e-17,10.68,False,True,False
2025.8,345.4,50.6,1,1.0,6.123233995736766e-17,13.19,False,True,False
1381.9,1099.5,35.7,1,1.0,6.123233995736766e-17,16.74,False,True,False
2130.0,802.6,49.4,1,1.0,6.123233995736766e-17,11.7,False,True,False
1909.9,838.2,46.1,0,1.0,6.123233995736766e-17,13.32,False,True,False
724.7,337.2,23.7,0,1.0,6.123233995736766e-17,8.42,False,True,False
1366.6,445.3,37.2,0,1.0,6.123233995736766e-17,6.36,False,True,False
571.9,815.1,19.1,0,1.0,6.123233995736766e-17,3.13,False,True,False
954.0,143.9,28.7,0,1.0,6.123233995736766e-17,5.16,False,True,False
1836.9,125.6,38.6,0,1.0,6.123233995736766e-17,8.55,True,False,False
1700.3,482.0,40.5,0,1.0,6.123233995736766e-17,7.13,False,True,False
1726.5,2014.8,34.7,0,1.0,6.123233995736766e-17,10.34,True,False,False
797.2,310.8,39.4,0,1.0,6.123233995736766e-17,1.21,False,False,True
335.6,97.8,5.1,0,1.0,6.123233995736766e-17,2.31,False,False,False
673.7,1010.5,19.1,0,1.0,6.123233995736766e-17,1.45,True,False,False
1211.5,1275.4,26.7,0,1.0,6.123233995736766e-17,6.72,True,False,False
255.1,271.5,7.7,0,1.0,6.123233995736766e-17,9.82,False,True,False
324.2,743.3,13.2,0,1.0,6.123233995736766e-17,0.64,False,True,False
1307.1,986.5,33.5,0,1.0,6.123233995736766e-17,5.31,False,True,False
2038.0,498.2,42.7,0,1.0,6.123233995736766e-17,10.4,True,False,False
1193.9,391.0,6.9,1,1.0,6.123233995736766e-17,3.23,False,False,False
2723.9,495.2,115.2,1,1.0,6.123233995736766e-17,14.85,False,False,True
1782.3,640.7,43.7,1,1.0,6.123233995736766e-17,10.54,False,True,False
644.6,614.5,16.1,1,1.0,6.123233995736766e-17,4.37,True,False,False
1491.7,488.3,64.1,1,1.0,6.123233995736766e-17,16.29,False,False,True
953.1,596.2,23.4,1,1.0,6.123233995736766e-17,8.83,False,True,False
1599.9,389.8,40.1,1,1.0,6.123233995736766e-17,8.97,False,True,False
1674.4,2790.1,7.3,1,1.0,6.123233995736766e-17,12.63,False,False,False
380.8,365.0,10.5,0,1.0,6.123233995736766e-17,2.26,False,True,False
1325.8,272.5,36.1,0,1.0,6.123233995736766e-17,5.5,False,True,False
2143.5,1516.0,50.9,0,1.0,6.123233995736766e-17,15.36,False,True,False
1332.5,494.4,32.9,0,0.8660254037844387,-0.4999999999999998,6.11,False,True,False
1419.7,253.2,34.4,0,0.8660254037844387,-0.4999999999999998,9.36,False,True,False
1378.8,361.0,28.6,0,0.8660254037844387,-0.4999999999999998,7.27,True,False,False
1473.7,288.9,35.7,0,0.8660254037844387,-0.4999999999999998,8.35,False,True,False
343.6,266.9,10.7,0,0.8660254037844387,-0.4999999999999998,1.43,False,True,False
955.9,692.1,27.9,0,0.8660254037844387,-0.4999999999999998,3.8,False,True,False
1026.7,884.2,6.2,0,0.8660254037844387,-0.4999999999999998,1.42,False,False,False
2736.4,554.7,10.0,0,0.8660254037844387,-0.4999999999999998,11.64,False,False,False
2403.8,1281.9,102.1,0,0.8660254037844387,-0.4999999999999998,6.42,False,False,True
759.4,325.0,22.1,0,0.8660254037844387,-0.4999999999999998,6.37,False,True,False
1253.7,1143.2,34.0,0,0.8660254037844387,-0.4999999999999998,8.47,False,True,False
421.0,1023.9,14.6,0,0.8660254037844387,-0.4999999999999998,3.65,False,True,False
764.8,400.6,19.1,0,0.8660254037844387,-0.4999999999999998,5.53,False,True,False
1215.2,927.9,33.1,0,0.8660254037844387,-0.4999999999999998,5.03,False,True,False
442.2,569.3,14.5,0,0.8660254037844387,-0.4999999999999998,6.08,False,True,False
1548.5,601.9,40.5,0,0.8660254037844387,-0.4999999999999998,4.87,False,True,False
588.7,1713.6,16.5,0,0.8660254037844387,-0.4999999999999998,8.68,False,True,False
1755.5,973.0,41.1,1,0.8660254037844387,-0.4999999999999998,11.66,False,True,False
1748.0,1802.4,45.8,1,0.8660254037844387,-0.4999999999999998,28.04,False,True,False
3353.6,1230.3,137.8,1,0.8660254037844387,-0.4999999999999998,19.5,False,False,True
1647.0,594.3,42.7,1,0.8660254037844387,-0.4999999999999998,15.26,False,True,False
198.0,151.9,4.6,1,0.8660254037844387,-0.4999999999999998,3.75,False,False,False
890.2,881.3,22.3,1,0.8660254037844387,-0.4999999999999998,10.22,False,True,False
1371.1,716.8,35.4,1,0.8660254037844387,-0.4999999999999998,16.31,False,True,False
1242.7,204.9,7.7,1,0.8660254037844387,-0.4999999999999998,7.74,False,False,False
1962.2,719.7,80.7,1,0.8660254037844387,-0.4999999999999998,16.8,False,False,True
1930.2,1421.3,48.4,1,0.8660254037844387,-0.4999999999999998,14.65,False,True,False
1494.9,899.8,34.1,0,0.8660254037844387,-0.4999999999999998,5.66,True,False,False
521.4,780.5,14.5,0,0.8660254037844387,-0.4999999999999998,9.38,False,True,False
1174.9,600.0,29.6,0,0.8660254037844387,-0.4999999999999998,7.7,False,True,False
1374.5,1009.8,32.6,0,0.8660254037844387,-0.4999999999999998,14.47,False,True,False
1055.2,357.3,50.1,0,0.8660254037844387,-0.4999999999999998,6.77,False,False,True
1796.2,83.6,45.0,0,0.8660254037844387,-0.4999999999999998,8.0,False,True,False
732.6,928.0,24.0,0,0.8660254037844387,-0.4999999999999998,7.86,False,True,False
361.4,334.0,3.9,0,0.8660254037844387,-0.4999999999999998,1.79,False,False,False
1963.2,1918.5,50.4,0,0.8660254037844387,-0.4999999999999998,10.58,False,True,False
277.2,845.1,13.8,0,0.8660254037844387,-0.4999999999999998,3.7,False,True,False
1179.9,1173.2,32.5,0,0.8660254037844387,-0.4999999999999998,4.42,False,True,False
414.5,1212.9,11.4,0,0.8660254037844387,-0.4999999999999998,4.6,True,False,False
1983.5,242.1,6.9,0,0.8660254037844387,-0.4999999999999998,3.18,False,False,False
242.6,2414.6,13.0,0,0.8660254037844387,-0.4999999999999998,2.76,False,True,False
251.7,571.4,12.6,1,0.8660254037844387,-0.4999999999999998,13.99,False,True,False
549.7,169.9,18.7,1,0.8660254037844387,-0.4999999999999998,6.41,False,True,False
1848.3,780.7,43.3,1,0.8660254037844387,-0.4999999999999998,16.54,False,True,False
321.2,607.7,13.7,0,0.8660254037844387,-0.4999999999999998,2.64,False,True,False
2702.7,89.0,12.8,0,0.8660254037844387,-0.4999999999999998,7.77,False,False,False
1922.2,1233.6,80.6,0,0.8660254037844387,-0.4999999999999998,7.69,False,False,True
2169.5,649.9,43.2,0,0.8660254037844387,-0.4999999999999998,11.74,True,False,False
2113.1,655.2,50.1,0,0.8660254037844387,-0.4999999999999998,12.85,False,True,False
1882.3,904.6,47.7,0,0.8660254037844387,-0.4999999999999998,6.56,False,True,False
1467.7,184.3,40.4,0,0.8660254037844387,-0.4999999999999998,9.63,False,True,False
958.4,313.4,22.8,0,0.8660254037844387,-0.4999999999999998,7.28,True,False,False
863.2,1500.6,19.7,0,0.8660254037844387,-0.4999999999999998,2.07,True,False,False
1655.9,778.6,41.8,0,0.8660254037844387,-0.4999999999999998,14.26,False,True,False
250.9,1011.2,8.1,0,0.8660254037844387,-0.4999999999999998,8.11,False,True,False
463.9,488.6,16.6,0,0.8660254037844387,-0.4999999999999998,3.9,False,True,False
1643.2,2313.3,42.3,0,0.8660254037844387,-0.4999999999999998,7.03,False,True,False
592.9,1939.2,18.4,0,0.8660254037844387,-0.4999999999999998,2.04,False,True,False
523.5,983.3,6.8,0,0.8660254037844387,-0.4999999999999998,1.17,False,False,False
1598.5,601.8,41.9,0,0.8660254037844387,-0.4999999999999998,11.39,False,True,False
672.1,1033.1,20.1,0,0.8660254037844387,-0.4999999999999998,2.85,True,False,False
1877.7,515.5,38.3,0,0.8660254037844387,-0.4999999999999998,10.12,True,False,False
790.8,516.2,19.9,0,0.8660254037844387,-0.4999999999999998,7.5,False,True,False
1725.9,95.5,46.2,0,0.8660254037844387,-0.4999999999999998,8.29,False,True,False
1277.2,817.9,31.1,1,0.8660254037844387,-0.4999999999999998,9.76,False,True,False
1094.7,528.8,23.4,1,0.8660254037844387,-0.4999999999999998,9.36,True,False,False
885.2,1284.9,24.2,1,0.8660254037844387,-0.4999999999999998,13.37,False,True,False
151.9,199.2,5.6,0,0.8660254037844387,-0.4999999999999998,1.73,False,True,False
172.0,874.6,7.1,0,0.8660254037844387,-0.4999999999999998,0.9,False,True,False
2149.6,699.5,51.2,0,0.8660254037844387,-0.4999999999999998,7.94,False,True,False
714.2,846.0,19.8,0,0.8660254037844387,-0.4999999999999998,4.47,False,True,False
1535.1,204.5,41.7,0,0.8660254037844387,-0.4999999999999998,5.47,False,True,False
277.2,573.6,13.2,0,0.8660254037844387,-0.4999999999999998,2.0,False,True,False
1671.1,396.5,39.6,0,0.8660254037844387,-0.4999999999999998,5.7,False,True,False
1342.6,448.1,36.2,0,0.8660254037844387,-0.4999999999999998,8.32,False,True,False
2528.9,511.1,107.5,0,0.8660254037844387,-0.4999999999999998,10.23,False,False,True
666.9,1301.7,4.7,0,0.8660254037844387,-0.4999999999999998,1.14,False,False,False
1330.0,219.4,35.3,0,0.8660254037844387,-0.4999999999999998,5.1,False,True,False
2137.5,716.0,92.2,0,0.8660254037844387,-0.4999999999999998,7.04,False,False,True
1990.8,658.1,47.7,0,0.8660254037844387,-0.4999999999999998,7.43,False,True,False
1662.8,546.1,43.7,0,0.8660254037844387,-0.4999999999999998,6.96,False,True,False
3080.6,540.0,129.5,0,0.8660254037844387,-0.4999999999999998,8.32,False,False,True
1916.4,672.9,46.6,0,0.8660254037844387,-0.4999999999999998,9.24,False,True,False
1473.5,1023.2,36.8,1,0.8660254037844387,-0.4999999999999998,14.47,False,True,False
1070.6,271.6,28.0,1,0.8660254037844387,-0.4999999999999998,7.55,False,True,False
2507.3,668.0,107.1,0,0.8660254037844387,-0.4999999999999998,8.82,False,False,True
1030.2,1385.2,24.9,0,0.8660254037844387,-0.4999999999999998,4.96,True,False,False
931.0,1376.1,23.7,0,0.8660254037844387,-0.4999999999999998,3.87,False,True,False
1778.5,1754.5,73.8,0,0.8660254037844387,-0.4999999999999998,8.57,False,False,True
957.0,166.8,24.8,0,0.8660254037844387,-0.4999999999999998,4.78,False,True,False
2018.7,1235.3,9.2,0,0.49999999999999994,-0.8660254037844387,10.03,False,False,False
701.0,634.7,19.6,0,0.49999999999999994,-0.8660254037844387,2.1,False,True,False
1647.1,748.0,36.7,0,0.49999999999999994,-0.8660254037844387,11.08,True,False,False
1496.9,1377.9,62.3,0,0.49999999999999994,-0.8660254037844387,8.23,False,False,True
411.5,220.2,6.1,0,0.49999999999999994,-0.8660254037844387,0.67,False,False,False
403.9,96.8,16.1,1,0.49999999999999994,-0.8660254037844387,11.36,False,True,False
1265.7,840.8,30.6,1,0.49999999999999994,-0.8660254037844387,15.89,False,True,False
1348.3,483.7,36.2,1,0.49999999999999994,-0.8660254037844387,20.82,False,True,False
1667.1,1094.5,10.3,1,0.49999999999999994,-0.8660254037844387,8.05,False,False,False
1818.1,1356.5,42.7,0,0.49999999999999994,-0.8660254037844387,6.41,False,True,False
1452.2,654.9,10.5,0,0.49999999999999994,-0.8660254037844387,0.6,False,False,False
2235.3,1090.6,43.5,0,0.49999999999999994,-0.8660254037844387,8.26,True,False,False
1060.4,409.6,30.2,0,0.49999999999999994,-0.8660254037844387,9.46,False,True,False
1646.4,522.0,10.1,0,0.49999999999999994,-0.8660254037844387,1.91,False,False,False
266.9,461.4,9.7,0,0.49999999999999994,-0.8660254037844387,3.36,False,True,False
671.7,935.2,22.7,0,0.49999999999999994,-0.8660254037844387,2.5,False,True,False
1852.8,814.5,45.6,0,0.49999999999999994,-0.8660254037844387,11.82,False,True,False
1005.2,1774.4,28.0,0,0.49999999999999994,-0.8660254037844387,4.45,False,True,False
1801.6,405.0,47.8,0,0.49999999999999994,-0.8660254037844387,12.84,False,True,False
1925.5,411.1,45.2,0,0.49999999999999994,-0.8660254037844387,12.46,False,True,False
2080.0,647.4,50.4,0,0.49999999999999994,-0.8660254037844387,12.63,False,True,False
1642.6,803.7,43.7,0,0.49999999999999994,-0.8660254037844387,8.86,False,True,False
643.4,317.2,19.5,0,0.49999999999999994,-0.8660254037844387,8.1,False,True,False
2236.0,126.8,44.4,0,0.49999999999999994,-0.8660254037844387,7.53,True,False,False
242.2,510.4,10.5,0,0.49999999999999994,-0.8660254037844387,4.85,False,True,False
528.1,1163.0,13.8,0,0.49999999999999994,-0.8660254037844387,14.28,False,True,False
1066.3,871.4,22.7,0,0.49999999999999994,-0.8660254037844387,15.34,True,False,False
2582.0,402.9,9.0,0,0.49999999999999994,-0.8660254037844387,8.18,False,False,False
1585.3,654.5,34.3,0,0.49999999999999994,-0.8660254037844387,5.04,True,False,False
965.3,701.6,28.1,0,0.49999999999999994,-0.8660254037844387,12.05,False,True,False
1340.3,874.7,33.3,0,0.49999999999999994,-0.8660254037844387,6.09,False,True,False
1531.2,914.5,40.0,0,0.49999999999999994,-0.8660254037844387,14.52,False,True,False
659.7,326.8,16.4,1,0.49999999999999994,-0.8660254037844387,7.6,True,False,False
1283.3,1139.3,34.0,1,0.49999999999999994,-0.8660254037844387,12.73,False,True,False
1708.3,727.4,40.5,1,0.49999999999999994,-0.8660254037844387,19.19,False,True,False
704.6,287.9,21.5,1,0.49999999999999994,-0.8660254037844387,7.71,False,True,False
2171.3,1026.4,6.4,1,0.49999999999999994,-0.8660254037844387,11.4,False,False,False
333.1,841.7,12.2,1,0.49999999999999994,-0.8660254037844387,6.22,True,False,False
1297.5,275.9,33.2,0,0.49999999999999994,-0.8660254037844387,4.41,False,True,False
863.2,225.6,19.2,0,0.49999999999999994,-0.8660254037844387,7.39,True,False,False
607.0,951.8,13.6,0,0.49999999999999994,-0.8660254037844387,4.49,True,False,False
386.0,222.9,15.7,0,0.49999999999999994,-0.8660254037844387,7.33,False,True,False
202.0,737.3,7.2,0,0.49999999999999994,-0.8660254037844387,3.53,False,True,False
1589.1,838.5,69.1,0,0.49999999999999994,-0.8660254037844387,4.81,False,False,True
1022.9,902.3,24.0,0,0.49999999999999994,-0.8660254037844387,3.55,True,False,False
1708.1,583.7,38.1,0,0.49999999999999994,-0.8660254037844387,4.76,True,False,False
1367.3,484.2,35.2,0,0.49999999999999994,-0.8660254037844387,6.17,False,True,False
825.4,722.6,20.6,0,0.49999999999999994,-0.8660254037844387,5.99,True,False,False
626.1,257.6,17.7,0,0.49999999999999994,-0.8660254037844387,5.79,False,True,False
1533.5,319.5,37.1,0,0.49999999999999994,-0.8660254037844387,7.0,False,True,False
1208.4,165.5,34.5,0,0.49999999999999994,-0.8660254037844387,6.04,False,True,False
1128.7,522.5,31.6,0,0.49999999999999994,-0.8660254037844387,5.36,False,True,False
1974.0,1946.7,41.9,0,0.49999999999999994,-0.8660254037844387,7.53,True,False,False
867.4,1236.2,24.0,0,0.49999999999999994,-0.8660254037844387,8.66,False,True,False
1856.3,386.8,10.4,0,0.49999999999999994,-0.8660254037844387,2.33,False,False,False
2148.1,1123.1,54.6,0,0.49999999999999994,-0.8660254037844387,11.57,False,True,False
1598.0,1137.2,36.7,0,0.49999999999999994,-0.8660254037844387,6.16,True,False,False
1691.2,447.0,40.4,0,0.49999999999999994,-0.8660254037844387,6.69,False,True,False
2550.0,574.6,7.9,0,0.49999999999999994,-0.8660254037844387,7.24,False,False,False
597.1,683.4,13.8,0,0.49999999999999994,-0.8660254037844387,3.36,True,False,False
2371.3,339.1,102.1,0,0.49999999999999994,-0.8660254037844387,10.17,False,False,True
2009.4,434.7,52.0,1,0.49999999999999994,-0.8660254037844387,11.04,False,True,False
199.1,283.6,11.1,1,0.49999999999999994,-0.8660254037844387,8.9,False,True,False
1131.0,442.1,29.2,1,0.49999999999999994,-0.8660254037844387,9.37,False,True,False
1922.5,344.1,9.8,1,0.49999999999999994,-0.8660254037844387,10.84,False,False,False
814.9,1320.8,25.0,0,0.49999999999999994,-0.8660254037844387,2.18,False,True,False
1081.1,176.9,31.1,0,0.49999999999999994,-0.8660254037844387,9.46,False,True,False
496.1,150.3,15.6,0,0.49999999999999994,-0.8660254037844387,4.4,False,True,False
1808.1,179.1,48.2,0,0.49999999999999994,-0.8660254037844387,7.29,False,True,False
484.2,873.9,17.2,0,0.49999999999999994,-0.8660254037844387,4.67,False,True,False
481.0,811.1,17.5,0,0.49999999999999994,-0.8660254037844387,2.73,False,True,False
2155.4,287.5,54.7,0,0.49999999999999994,-0.8660254037844387,9.65,False,True,False
558.8,782.3,16.7,0,0.49999999999999994,-0.8660254037844387,3.72,True,False,False
1549.2,1432.0,38.0,0,0.49999999999999994,-0.8660254037844387,14.87,False,True,False
720.0,814.8,20.4,0,0.49999999999999994,-0.8660254037844387,6.4,True,False,False
1887.5,2106.7,44.1,0,0.49999999999999994,-0.8660254037844387,7.52,False,True,False
272.9,799.0,11.7,0,0.49999999999999994,-0.8660254037844387,3.64,False,True,False
1771.6,1114.1,38.5,0,0.49999999999999994,-0.8660254037844387,14.29,True,False,False
3286.5,383.1,138.2,0,0.49999999999999994,-0.8660254037844387,15.04,False,False,True
262.2,1071.8,13.6,0,0.49999999999999994,-0.8660254037844387,12.37,False,True,False
706.6,351.3,20.3,0,0.49999999999999994,-0.8660254037844387,11.3,False,True,False
630.3,121.7,14.8,0,0.49999999999999994,-0.8660254037844387,2.64,True,False,False
761.5,175.0,19.9,0,0.49999999999999994,-0.8660254037844387,6.41,False,True,False
2031.2,627.0,50.6,0,0.49999999999999994,-0.8660254037844387,19.51,False,True,False
428.0,848.9,3.8,0,0.49999999999999994,-0.8660254037844387,2.47,False,False,False
1806.9,58.1,45.2,0,0.49999999999999994,-0.8660254037844387,9.59,False,True,False
2764.8,1421.5,113.4,0,0.49999999999999994,-0.8660254037844387,14.58,False,False,True
1141.8,509.6,32.4,1,0.49999999999999994,-0.8660254037844387,11.95,False,True,False
1623.4,1493.8,38.7,1,0.49999999999999994,-0.8660254037844387,14.03,False,True,False
2004.2,977.2,40.6,1,0.49999999999999994,-0.8660254037844387,11.59,True,False,False
929.0,946.6,25.0,1,0.49999999999999994,-0.8660254037844387,8.59,False,True,False
1615.2,505.8,40.0,1,0.49999999999999994,-0.8660254037844387,10.19,False,True,False
1322.9,225.8,34.9,0,0.49999999999999994,-0.8660254037844387,5.24,False,True,False
3379.4,1443.7,137.4,0,0.49999999999999994,-0.8660254037844387,12.16,False,False,True
858.9,292.4,25.1,0,0.49999999999999994,-0.8660254037844387,6.67,False,True,False
881.8,1254.5,26.5,0,0.49999999999999994,-0.8660254037844387,3.88,False,True,False
480.8,139.9,13.6,0,0.49999999999999994,-0.8660254037844387,5.79,False,True,False
530.8,768.5,17.2,0,0.49999999999999994,-0.8660254037844387,5.43,False,True,False
1088.2,477.7,46.2,0,0.49999999999999994,-0.8660254037844387,2.49,False,False,True
1800.4,702.8,42.4,0,0.49999999999999994,-0.8660254037844387,7.23,False,True,False
469.3,85.3,13.0,0,0.49999999999999994,-0.8660254037844387,1.25,False,True,False
548.9,1188.7,15.0,0,0.49999999999999994,-0.8660254037844387,5.18,True,False,False
1827.7,804.1,47.6,0,0.49999999999999994,-0.8660254037844387,7.3,False,True,False
760.9,679.1,24.6,0,0.49999999999999994,-0.8660254037844387,7.66,False,True,False
884.2,629.2,21.7,0,0.49999999999999994,-0.8660254037844387,10.61,False,True,False
1034.4,990.8,21.3,0,0.49999999999999994,-0.8660254037844387,3.05,True,False,False
1109.0,1722.8,27.2,0,0.49999999999999994,-0.8660254037844387,4.6,True,False,False
449.1,201.6,3.0,1,0.49999999999999994,-0.8660254037844387,1.41,False,False,False
1814.3,767.7,46.5,1,1.2246467991473532e-16,-1.0,15.64,False,True,False
2157.3,410.2,54.7,0,1.2246467991473532e-16,-1.0,12.8,False,True,False
2143.0,302.9,44.0,0,1.2246467991473532e-16,-1.0,6.35,True,False,False
1388.7,987.2,31.2,0,1.2246467991473532e-16,-1.0,7.39,True,False,False
1839.9,1300.3,46.9,0,1.2246467991473532e-16,-1.0,8.65,False,True,False
1455.8,1716.4,34.0,0,1.2246467991473532e-16,-1.0,9.55,True,False,False
1030.8,1301.1,27.1,0,1.2246467991473532e-16,-1.0,3.77,False,True,False
1535.0,636.3,39.6,0,1.2246467991473532e-16,-1.0,7.21,False,True,False
1945.6,613.6,50.7,0,1.2246467991473532e-16,-1.0,12.13,False,True,False
2146.3,685.7,51.8,0,1.2246467991473532e-16,-1.0,18.55,False,True,False
2662.9,297.3,7.7,0,1.2246467991473532e-16,-1.0,6.28,False,False,False
1275.3,1050.7,26.1,0,1.2246467991473532e-16,-1.0,4.57,True,False,False
1800.6,1052.6,44.2,0,1.2246467991473532e-16,-1.0,10.3,False,True,False
2168.9,667.0,10.9,0,1.2246467991473532e-16,-1.0,6.8,False,False,False
1408.0,724.1,35.0,0,1.2246467991473532e-16,-1.0,7.23,False,True,False
1336.8,1033.6,57.2,0,1.2246467991473532e-16,-1.0,4.12,False,False,True
699.2,1039.7,5.0,0,1.2246467991473532e-16,-1.0,8.52,False,False,False
1328.9,404.6,33.9,0,1.2246467991473532e-16,-1.0,11.17,False,True,False
889.0,487.6,26.5,1,1.2246467991473532e-16,-1.0,7.57,False,True,False
1531.4,1208.0,41.5,1,1.2246467991473532e-16,-1.0,13.14,False,True,False
373.5,1238.4,12.6,1,1.2246467991473532e-16,-1.0,13.02,False,True,False
2445.4,353.3,103.7,1,1.2246467991473532e-16,-1.0,16.65,False,False,True
255.2,1211.3,8.6,1,1.2246467991473532e-16,-1.0,10.04,False,True,False
646.1,826.9,16.8,1,1.2246467991473532e-16,-1.0,7.67,True,False,False
976.9,1930.1,45.4,1,1.2246467991473532e-16,-1.0,19.28,False,False,True
1369.4,1364.1,7.8,0,1.2246467991473532e-16,-1.0,2.13,False,False,False
1023.5,708.5,25.4,0,1.2246467991473532e-16,-1.0,6.48,False,True,False
760.2,453.3,20.3,0,1.2246467991473532e-16,-1.0,4.13,False,True,False
1337.4,309.8,26.5,0,1.2246467991473532e-16,-1.0,8.95,True,False,False
934.5,364.7,45.3,0,1.2246467991473532e-16,-1.0,3.06,False,False,True
826.8,219.3,21.5,0,1.2246467991473532e-16,-1.0,8.24,False,True,False
1392.3,1244.5,33.3,0,1.2246467991473532e-16,-1.0,11.87,False,True,False
1755.8,224.0,45.9,0,1.2246467991473532e-16,-1.0,11.14,False,True,False
2696.2,1600.5,8.6,0,1.2246467991473532e-16,-1.0,5.72,False,False,False
2168.9,418.2,44.2,0,1.2246467991473532e-16,-1.0,8.26,True,False,False
1236.4,491.4,32.6,0,1.2246467991473532e-16,-1.0,5.21,False,True,False
2954.3,1039.9,122.7,0,1.2246467991473532e-16,-1.0,11.34,False,False,True
1067.6,546.8,49.7,0,1.2246467991473532e-16,-1.0,2.42,False,False,True
971.5,269.3,8.1,0,1.2246467991473532e-16,-1.0,-0.02,False,False,False
1574.7,470.8,41.7,0,1.2246467991473532e-16,-1.0,8.31,False,True,False
589.7,151.0,26.5,1,1.2246467991473532e-16,-1.0,9.55,False,False,True
277.0,1178.0,11.6,1,1.2246467991473532e-16,-1.0,12.5,False,True,False
1321.8,393.8,33.5,1,1.2246467991473532e-16,-1.0,9.4,False,True,False
2757.5,215.2,9.8,1,1.2246467991473532e-16,-1.0,9.85,False,False,False
1558.7,340.9,8.9,1,1.2246467991473532e-16,-1.0,12.59,False,False,False
557.2,1033.6,14.9,1,1.2246467991473532e-16,-1.0,15.8,False,True,False
418.6,1914.0,10.3,1,1.2246467991473532e-16,-1.0,9.38,True,False,False
646.8,1112.1,21.0,1,1.2246467991473532e-16,-1.0,8.61,False,True,False
2237.8,1030.0,9.2,0,1.2246467991473532e-16,-1.0,4.92,False,False,False
1011.0,799.2,26.0,0,1.2246467991473532e-16,-1.0,6.32,False,True,False
1604.3,436.7,38.6,0,1.2246467991473532e-16,-1.0,10.1,False,True,False
906.7,295.1,25.8,0,1.2246467991473532e-16,-1.0,4.62,False,True,False
793.9,1011.3,39.7,0,1.2246467991473532e-16,-1.0,7.08,False,False,True
1447.5,681.3,29.9,0,1.2246467991473532e-16,-1.0,4.71,True,False,False
1090.0,787.8,26.5,0,1.2246467991473532e-16,-1.0,9.06,False,True,False
839.5,333.4,23.2,0,1.2246467991473532e-16,-1.0,11.98,False,True,False
177.1,363.6,8.8,0,1.2246467991473532e-16,-1.0,4.64,False,True,False
1785.9,421.1,8.4,0,1.2246467991473532e-16,-1.0,3.21,False,False,False
936.0,1613.8,25.5,0,1.2246467991473532e-16,-1.0,5.63,False,True,False
279.5,1187.6,9.8,0,1.2246467991473532e-16,-1.0,1.66,True,False,False
2152.0,813.0,53.8,0,1.2246467991473532e-16,-1.0,12.11,False,True,False
2614.9,867.8,7.5,0,1.2246467991473532e-16,-1.0,12.91,False,False,False
1159.7,1180.3,31.1,1,1.2246467991473532e-16,-1.0,14.79,False,True,False
633.4,382.8,30.1,1,1.2246467991473532e-16,-1.0,7.65,False,False,True
676.6,575.8,17.0,1,1.2246467991473532e-16,-1.0,6.41,True,False,False
2188.4,1014.3,52.5,1,1.2246467991473532e-16,-1.0,13.91,False,True,False
1989.6,826.9,49.2,1,1.2246467991473532e-16,-1.0,14.18,False,True,False
2200.3,579.8,8.0,1,1.2246467991473532e-16,-1.0,17.4,False,False,False
695.2,298.9,20.5,1,1.2246467991473532e-16,-1.0,15.07,False,True,False
748.4,3241.1,20.3,0,1.2246467991473532e-16,-1.0,16.93,False,True,False
2098.6,628.8,52.2,0,1.2246467991473532e-16,-1.0,12.14,False,True,False
2143.4,1074.1,41.0,0,1.2246467991473532e-16,-1.0,11.84,True,False,False
185.3,335.1,10.0,0,1.2246467991473532e-16,-1.0,0.53,True,False,False
1193.2,109.4,30.0,0,1.2246467991473532e-16,-1.0,5.7,False,True,False
2101.7,41.6,51.4,0,1.2246467991473532e-16,-1.0,7.4,False,True,False
1782.9,974.7,39.2,0,1.2246467991473532e-16,-1.0,6.63,True,False,False
1008.3,395.9,25.8,0,1.2246467991473532e-16,-1.0,6.38,False,True,False
1534.7,1186.2,36.6,0,1.2246467991473532e-16,-1.0,7.82,False,True,False
520.8,331.3,18.1,0,1.2246467991473532e-16,-1.0,1.95,False,True,False
829.8,569.5,23.9,0,1.2246467991473532e-16,-1.0,7.6,False,True,False
396.7,707.7,11.2,0,1.2246467991473532e-16,-1.0,1.9,False,True,False
1912.3,647.5,50.0,0,1.2246467991473532e-16,-1.0,11.99,False,True,False
777.8,1052.5,20.4,0,1.2246467991473532e-16,-1.0,4.51,True,False,False
752.8,703.2,22.6,0,1.2246467991473532e-16,-1.0,4.11,False,True,False
1699.6,581.7,5.5,0,1.2246467991473532e-16,-1.0,3.97,False,False,False
824.1,311.1,23.9,1,1.2246467991473532e-16,-1.0,10.73,False,True,False
956.3,557.5,25.0,1,1.2246467991473532e-16,-1.0,8.37,False,True,False
1399.5,671.5,32.9,1,1.2246467991473532e-16,-1.0,11.96,True,False,False
1784.9,79.0,42.4,1,1.2246467991473532e-16,-1.0,15.56,False,True,False
921.1,241.2,24.3,1,1.2246467991473532e-16,-1.0,13.77,True,False,False
1609.9,753.4,41.6,1,1.2246467991473532e-16,-1.0,11.11,False,True,False
523.6,843.6,4.4,1,1.2246467991473532e-16,-1.0,9.02,False,False,False
858.2,531.1,26.0,1,1.2246467991473532e-16,-1.0,9.09,False,True,False
1645.1,900.4,41.7,0,1.2246467991473532e-16,-1.0,5.49,False,True,False
1316.4,1057.1,35.3,0,1.2246467991473532e-16,-1.0,5.14,False,True,False
444.1,839.8,17.5,0,1.2246467991473532e-16,-1.0,1.69,False,True,False
1931.2,1149.3,37.2,0,1.2246467991473532e-16,-1.0,6.28,True,False,False
539.2,1068.0,17.8,0,-0.4999999999999997,-0.8660254037844388,3.68,False,True,False
353.9,451.8,7.2,0,-0.4999999999999997,-0.8660254037844388,-2.9,False,False,False
1934.9,1244.6,45.9,0,-0.4999999999999997,-0.8660254037844388,12.85,False,True,False
1127.5,1023.2,30.4,0,-0.4999999999999997,-0.8660254037844388,7.01,False,True,False
195.2,590.3,11.1,0,-0.4999999999999997,-0.8660254037844388,8.74,False,True,False
475.4,318.2,16.4,0,-0.4999999999999997,-0.8660254037844388,11.57,False,True,False
2410.4,1088.5,99.7,0,-0.4999999999999997,-0.8660254037844388,15.58,False,False,True
351.8,752.7,10.5,0,-0.4999999999999997,-0.8660254037844388,10.36,False,True,False
1427.6,380.8,35.2,0,-0.4999999999999997,-0.8660254037844388,14.01,False,True,False
1200.4,188.7,31.0,0,-0.4999999999999997,-0.8660254037844388,6.28,False,True,False
925.2,591.5,5.6,0,-0.4999999999999997,-0.8660254037844388,2.06,False,False,False
796.2,1325.8,23.0,0,-0.4999999999999997,-0.8660254037844388,5.08,False,True,False
968.3,1091.3,24.6,0,-0.4999999999999997,-0.8660254037844388,8.84,True,False,False
1344.6,948.1,36.1,1,-0.4999999999999997,-0.8660254037844388,13.55,False,True,False
2150.3,373.3,52.6,1,-0.4999999999999997,-0.8660254037844388,13.45,False,True,False
489.3,1234.1,16.8,1,-0.4999999999999997,-0.8660254037844388,7.15,False,True,False
1943.1,1327.1,39.2,1,-0.4999999999999997,-0.8660254037844388,13.39,True,False,False
1525.1,1015.4,66.0,1,-0.4999999999999997,-0.8660254037844388,13.53,False,False,True
383.0,481.2,5.5,1,-0.4999999999999997,-0.8660254037844388,6.4,False,False,False
885.2,1480.9,23.2,1,-0.4999999999999997,-0.8660254037844388,7.9,True,False,False
1293.1,1158.3,25.8,1,-0.4999999999999997,-0.8660254037844388,9.07,True,False,False
507.6,976.9,13.5,1,-0.4999999999999997,-0.8660254037844388,8.88,True,False,False
366.2,1384.0,14.2,0,-0.4999999999999997,-0.8660254037844388,4.69,False,True,False
1667.7,725.1,69.7,0,-0.4999999999999997,-0.8660254037844388,8.09,False,False,True
1584.7,129.5,35.6,0,-0.4999999999999997,-0.8660254037844388,5.96,True,False,False
1239.4,2463.1,8.0,0,-0.4999999999999997,-0.8660254037844388,3.76,False,False,False
1753.6,1012.9,10.9,0,-0.4999999999999997,-0.8660254037844388,9.15,False,False,False
973.0,714.3,27.4,0,-0.4999999999999997,-0.8660254037844388,4.55,False,True,False
2461.8,589.1,10.1,0,-0.4999999999999997,-0.8660254037844388,6.55,False,False,False
1124.7,366.6,29.7,0,-0.4999999999999997,-0.8660254037844388,11.48,False,True,False
1334.2,2275.7,6.3,0,-0.4999999999999997,-0.8660254037844388,3.08,False,False,False
1696.9,656.7,40.6,0,-0.4999999999999997,-0.8660254037844388,14.11,False,True,False
2164.2,356.0,52.9,0,-0.4999999999999997,-0.8660254037844388,14.0,False,True,False
414.1,1860.7,14.7,0,-0.4999999999999997,-0.8660254037844388,2.68,True,False,False
1794.9,517.9,46.2,0,-0.4999999999999997,-0.8660254037844388,9.4,False,True,False
976.8,284.7,4.4,0,-0.4999999999999997,-0.8660254037844388,2.89,False,False,False
775.7,1394.8,9.2,1,-0.4999999999999997,-0.8660254037844388,6.58,False,False,False
1061.9,139.0,28.7,1,-0.4999999999999997,-0.8660254037844388,8.14,False,True,False
478.5,609.9,17.2,1,-0.4999999999999997,-0.8660254037844388,8.44,False,True,False
2209.1,2209.0,46.5,1,-0.4999999999999997,-0.8660254037844388,14.24,True,False,False
581.2,705.2,19.2,1,-0.4999999999999997,-0.8660254037844388,5.59,False,True,False
629.3,307.3,18.5,0,-0.4999999999999997,-0.8660254037844388,3.24,False,True,False
1399.7,1605.7,29.7,0,-0.4999999999999997,-0.8660254037844388,5.89,True,False,False
1449.5,230.7,34.0,0,-0.4999999999999997,-0.8660254037844388,5.12,True,False,False
331.0,346.5,11.0,0,-0.4999999999999997,-0.8660254037844388,3.85,True,False,False
719.2,3160.8,3.8,0,-0.4999999999999997,-0.8660254037844388,-0.52,False,False,False
470.7,244.2,3.0,0,-0.4999999999999997,-0.8660254037844388,2.48,False,False,False
1604.2,171.1,41.2,0,-0.4999999999999997,-0.8660254037844388,5.49,False,True,False
668.7,575.8,17.5,0,-0.4999999999999997,-0.8660254037844388,3.57,False,True,False
1551.9,217.8,39.6,0,-0.4999999999999997,-0.8660254037844388,5.63,False,True,False
484.6,703.2,8.5,0,-0.4999999999999997,-0.8660254037844388,8.35,False,False,False
2185.3,575.0,46.0,0,-0.4999999999999997,-0.8660254037844388,6.45,True,False,False
918.2,541.0,22.5,0,-0.4999999999999997,-0.8660254037844388,5.97,False,True,False
956.0,765.3,28.0,0,-0.4999999999999997,-0.8660254037844388,7.39,False,True,False
966.4,203.4,6.9,0,-0.4999999999999997,-0.8660254037844388,-1.34,False,False,False
1721.7,510.5,72.5,0,-0.4999999999999997,-0.8660254037844388,11.74,False,False,True
534.4,334.2,28.6,0,-0.4999999999999997,-0.8660254037844388,5.65,False,False,True
1579.2,2740.6,38.9,0,-0.4999999999999997,-0.8660254037844388,5.72,False,True,False
847.0,413.6,21.3,0,-0.4999999999999997,-0.8660254037844388,4.08,False,True,False
1737.8,861.7,35.5,1,-0.4999999999999997,-0.8660254037844388,14.07,True,False,False
533.6,474.5,16.5,1,-0.4999999999999997,-0.8660254037844388,5.52,False,True,False
635.1,1160.5,17.8,1,-0.4999999999999997,-0.8660254037844388,10.36,False,True,False
1444.5,329.9,35.5,1,-0.4999999999999997,-0.8660254037844388,9.2,False,True,False
2049.3,444.8,48.0,1,-0.4999999999999997,-0.8660254037844388,12.46,False,True,False
975.6,216.6,25.0,0,-0.4999999999999997,-0.8660254037844388,3.78,False,True,False
272.2,380.1,9.6,0,-0.4999999999999997,-0.8660254037844388,3.3,False,True,False
1103.9,1298.0,29.7,0,-0.4999999999999997,-0.8660254037844388,7.01,False,True,False
1002.4,135.0,30.0,0,-0.4999999999999997,-0.8660254037844388,6.42,False,True,False
734.7,106.3,22.1,0,-0.4999999999999997,-0.8660254037844388,6.67,False,True,False
232.3,621.7,8.4,0,-0.4999999999999997,-0.8660254037844388,7.38,False,True,False
2055.4,465.8,87.0,0,-0.4999999999999997,-0.8660254037844388,6.87,False,False,True
481.9,714.7,17.1,0,-0.4999999999999997,-0.8660254037844388,4.19,False,True,False
1377.1,562.9,33.3,0,-0.4999999999999997,-0.8660254037844388,11.49,False,True,False
609.9,583.0,18.6,0,-0.4999999999999997,-0.8660254037844388,3.09,False,True,False
1548.2,582.3,5.0,0,-0.4999999999999997,-0.8660254037844388,1.97,False,False,False
1439.0,695.3,30.0,0,-0.4999999999999997,-0.8660254037844388,6.75,True,False,False
845.4,287.7,20.8,1,-0.4999999999999997,-0.8660254037844388,7.53,False,True,False
1479.9,996.7,36.2,1,-0.4999999999999997,-0.8660254037844388,9.68,False,True,False
2173.2,1156.1,9.6,1,-0.4999999999999997,-0.8660254037844388,12.5,False,False,False
1536.1,363.2,68.4,1,-0.4999999999999997,-0.8660254037844388,9.92,False,False,True
1825.5,898.8,44.7,1,-0.4999999999999997,-0.8660254037844388,16.26,False,True,False
1273.7,618.1,28.5,1,-0.4999999999999997,-0.8660254037844388,8.51,True,False,False
196.3,721.5,11.8,1,-0.4999999999999997,-0.8660254037844388,7.4,False,True,False
1892.4,227.1,48.6,1,-0.4999999999999997,-0.8660254037844388,20.09,False,True,False
1444.3,628.2,37.1,1,-0.4999999999999997,-0.8660254037844388,17.36,False,True,False
699.8,579.9,19.3,1,-0.4999999999999997,-0.8660254037844388,12.2,False,True,False
289.8,1183.4,10.4,1,-0.4999999999999997,-0.8660254037844388,11.93,True,False,False
3126.1,1524.8,132.7,1,-0.4999999999999997,-0.8660254037844388,18.51,False,False,True
490.8,1133.2,17.0,0,-0.4999999999999997,-0.8660254037844388,2.73,False,True,False
1789.6,725.3,45.7,0,-0.4999999999999997,-0.8660254037844388,15.22,False,True,False
1529.8,978.9,40.7,0,-0.4999999999999997,-0.8660254037844388,6.9,False,True,False
1085.6,1433.9,9.9,0,-0.4999999999999997,-0.8660254037844388,10.71,False,False,False
1374.7,217.4,37.6,0,-0.4999999999999997,-0.8660254037844388,7.35,False,True,False
295.9,278.8,11.4,0,-0.4999999999999997,-0.8660254037844388,5.35,False,True,False
676.3,145.7,34.9,0,-0.4999999999999997,-0.8660254037844388,6.75,False,False,True
780.7,2008.7,21.9,0,-0.4999999999999997,-0.8660254037844388,4.81,False,True,False
447.9,922.8,13.8,0,-0.4999999999999997,-0.8660254037844388,6.97,False,True,False
530.7,1211.7,3.9,0,-0.4999999999999997,-0.8660254037844388,8.13,False,False,False
551.2,30.7,18.1,0,-0.4999999999999997,-0.8660254037844388,2.74,False,True,False
592.9,133.7,13.1,0,-0.4999999999999997,-0.8660254037844388,5.32,True,False,False
980.9,990.5,24.1,0,-0.8660254037844384,-0.5000000000000004,4.83,False,True,False
1185.1,489.5,33.1,1,-0.8660254037844384,-0.5000000000000004,12.77,False,True,False
1774.6,983.2,36.1,1,-0.8660254037844384,-0.5000000000000004,14.32,True,False,False
338.6,677.4,9.3,1,-0.8660254037844384,-0.5000000000000004,5.53,True,False,False
1162.3,810.6,8.2,1,-0.8660254037844384,-0.5000000000000004,6.92,False,False,False
223.0,711.7,9.0,1,-0.8660254037844384,-0.5000000000000004,11.37,False,True,False
423.1,1411.5,15.2,1,-0.8660254037844384,-0.5000000000000004,10.61,False,True,False
999.0,315.8,29.8,0,-0.8660254037844384,-0.5000000000000004,7.22,False,True,False
1758.0,176.5,44.4,0,-0.8660254037844384,-0.5000000000000004,10.38,False,True,False
894.7,38.9,26.6,0,-0.8660254037844384,-0.5000000000000004,3.62,False,True,False
1592.2,429.7,34.6,0,-0.8660254037844384,-0.5000000000000004,6.34,True,False,False
2183.9,2190.8,52.6,0,-0.8660254037844384,-0.5000000000000004,9.47,False,True,False
2059.4,677.8,85.6,0,-0.8660254037844384,-0.5000000000000004,5.76,False,False,True
2137.1,579.3,51.3,0,-0.8660254037844384,-0.5000000000000004,10.43,False,True,False
433.2,941.9,17.2,0,-0.8660254037844384,-0.5000000000000004,11.06,False,True,False
1953.5,327.0,50.6,0,-0.8660254037844384,-0.5000000000000004,6.36,False,True,False
675.2,1510.3,20.4,0,-0.8660254037844384,-0.5000000000000004,4.0,False,True,False
2050.1,218.5,43.3,0,-0.8660254037844384,-0.5000000000000004,6.46,True,False,False
798.0,1045.5,21.0,0,-0.8660254037844384,-0.5000000000000004,3.86,False,True,False
2132.9,499.9,52.5,0,-0.8660254037844384,-0.5000000000000004,9.23,False,True,False
1969.3,220.6,48.1,1,-0.8660254037844384,-0.5000000000000004,14.7,False,True,False
407.4,883.8,13.8,1,-0.8660254037844384,-0.5000000000000004,7.39,False,True,False
1536.8,1759.8,41.8,1,-0.8660254037844384,-0.5000000000000004,13.55,False,True,False
874.5,634.1,42.8,1,-0.8660254037844384,-0.5000000000000004,9.8,False,False,True
1451.6,948.8,35.2,1,-0.8660254037844384,-0.5000000000000004,11.45,False,True,False
260.0,1118.3,8.2,1,-0.8660254037844384,-0.5000000000000004,8.1,False,True,False
1884.6,486.0,47.7,1,-0.8660254037844384,-0.5000000000000004,9.77,False,True,False
1108.7,1101.1,29.6,1,-0.8660254037844384,-0.5000000000000004,11.9,False,True,False
292.3,490.7,13.5,1,-0.8660254037844384,-0.5000000000000004,4.92,False,True,False
1953.0,198.5,40.4,1,-0.8660254037844384,-0.5000000000000004,12.04,True,False,False
1352.6,491.8,33.5,1,-0.8660254037844384,-0.5000000000000004,10.06,False,True,False
494.0,354.0,12.7,1,-0.8660254037844384,-0.5000000000000004,3.21,True,False,False
1539.0,295.7,38.7,1,-0.8660254037844384,-0.5000000000000004,9.14,False,True,False
1176.2,280.8,32.3,1,-0.8660254037844384,-0.5000000000000004,14.61,False,True,False
658.4,143.1,19.6,0,-0.8660254037844384,-0.5000000000000004,10.03,True,False,False
1989.7,1084.1,48.8,0,-0.8660254037844384,-0.5000000000000004,9.21,False,True,False
660.0,481.6,18.4,0,-0.8660254037844384,-0.5000000000000004,11.86,False,True,False
857.3,477.5,25.4,0,-0.8660254037844384,-0.5000000000000004,3.57,False,True,False
1381.6,228.2,32.8,0,-0.8660254037844384,-0.5000000000000004,5.09,False,True,False
580.4,474.4,18.5,0,-0.8660254037844384,-0.5000000000000004,5.13,True,False,False
1089.0,388.8,24.4,0,-0.8660254037844384,-0.5000000000000004,7.38,True,False,False
1047.7,299.3,27.3,0,-0.8660254037844384,-0.5000000000000004,6.31,False,True,False
1915.4,106.3,6.2,0,-0.8660254037844384,-0.5000000000000004,4.49,False,False,False
1734.3,645.6,5.3,0,-0.8660254037844384,-0.5000000000000004,3.46,False,False,False
199.2,1691.1,9.6,0,-0.8660254037844384,-0.5000000000000004,0.55,False,True,False
1001.1,1553.1,7.2,0,-0.8660254037844384,-0.5000000000000004,5.08,False,False,False
1647.6,400.9,71.2,0,-0.8660254037844384,-0.5000000000000004,10.59,False,False,True
1749.0,513.9,5.3,1,-0.8660254037844384,-0.5000000000000004,7.22,False,False,False
544.0,2006.4,6.0,1,-0.8660254037844384,-0.5000000000000004,5.11,False,False,False
441.0,331.7,12.6,1,-0.8660254037844384,-0.5000000000000004,6.16,True,False,False
1601.7,410.9,71.0,1,-0.8660254037844384,-0.5000000000000004,6.86,False,False,True
2193.6,940.5,42.3,1,-0.8660254037844384,-0.5000000000000004,11.24,True,False,False
1388.9,872.9,35.5,1,-0.8660254037844384,-0.5000000000000004,16.71,False,True,False
883.5,1213.8,25.3,0,-0.8660254037844384,-0.5000000000000004,7.86,False,True,False
1378.7,1298.7,9.5,0,-0.8660254037844384,-0.5000000000000004,2.65,False,False,False
1119.1,432.1,22.9,0,-0.8660254037844384,-0.5000000000000004,3.6,True,False,False
1339.0,946.3,30.7,0,-0.8660254037844384,-0.5000000000000004,5.88,True,False,False
692.6,339.7,15.8,0,-0.8660254037844384,-0.5000000000000004,3.48,True,False,False
852.3,1487.4,23.1,0,-0.8660254037844384,-0.5000000000000004,4.84,False,True,False
1888.5,674.0,38.3,0,-0.8660254037844384,-0.5000000000000004,5.77,True,False,False
477.9,502.0,4.1,0,-0.8660254037844384,-0.5000000000000004,-0.18,False,False,False
230.5,555.0,7.1,0,-0.8660254037844384,-0.5000000000000004,2.6,False,True,False
3324.9,388.4,140.6,0,-0.8660254037844384,-0.5000000000000004,12.06,False,False,True
2716.0,248.0,10.0,0,-0.8660254037844384,-0.5000000000000004,6.71,False,False,False
2191.3,397.3,56.6,0,-0.8660254037844384,-0.5000000000000004,7.04,False,True,False
1213.4,2125.3,6.2,0,-0.8660254037844384,-0.5000000000000004,5.09,False,False,False
830.5,691.7,22.6,0,-0.8660254037844384,-0.5000000000000004,6.58,False,True,False
1819.5,322.2,44.6,1,-0.8660254037844384,-0.5000000000000004,9.79,False,True,False
667.2,1546.8,17.6,1,-0.8660254037844384,-0.5000000000000004,21.25,False,True,False
230.8,259.9,10.4,1,-0.8660254037844384,-0.5000000000000004,3.25,False,True,False
184.0,559.6,8.3,1,-0.8660254037844384,-0.5000000000000004,4.28,False,True,False
1530.3,574.4,30.4,1,-0.8660254037844384,-0.5000000000000004,9.14,True,False,False
543.4,801.4,6.2,1,-0.8660254037844384,-0.5000000000000004,6.95,False,False,False
1739.2,1059.0,45.9,1,-0.8660254037844384,-0.5000000000000004,10.25,False,True,False
2066.3,47.5,51.3,1,-0.8660254037844384,-0.5000000000000004,16.26,False,True,False
1409.1,1485.2,35.5,1,-0.8660254037844384,-0.5000000000000004,21.58,False,True,False
932.5,253.8,42.3,1,-0.8660254037844384,-0.5000000000000004,9.95,False,False,True
2458.8,700.7,12.1,1,-0.8660254037844384,-0.5000000000000004,24.33,False,False,False
2182.6,646.3,53.6,0,-0.8660254037844384,-0.5000000000000004,10.96,False,True,False
1963.7,1956.4,37.9,0,-0.8660254037844384,-0.5000000000000004,8.36,True,False,False
1507.7,580.4,38.9,0,-0.8660254037844384,-0.5000000000000004,5.5,False,True,False
1923.1,210.1,38.6,0,-0.8660254037844384,-0.5000000000000004,9.17,True,False,False
1326.4,133.1,34.8,0,-0.8660254037844384,-0.5000000000000004,12.87,False,True,False
1394.4,624.5,7.5,0,-0.8660254037844384,-0.5000000000000004,5.09,False,False,False
1432.1,640.8,37.3,0,-0.8660254037844384,-0.5000000000000004,8.42,False,True,False
2718.1,638.9,9.5,0,-0.8660254037844384,-0.5000000000000004,6.77,False,False,False
1843.2,1656.1,44.9,0,-0.8660254037844384,-0.5000000000000004,13.63,False,True,False
598.4,476.2,17.1,0,-0.8660254037844384,-0.5000000000000004,6.05,False,True,False
587.2,785.7,8.9,1,-0.8660254037844384,-0.5000000000000004,4.25,False,False,False
1490.7,575.4,8.4,1,-0.8660254037844384,-0.5000000000000004,4.48,False,False,False
1988.0,1026.9,51.2,1,-0.8660254037844384,-0.5000000000000004,11.91,False,True,False
288.6,377.4,9.7,1,-0.8660254037844384,-0.5000000000000004,6.23,False,True,False
366.1,396.3,14.0,1,-0.8660254037844384,-0.5000000000000004,14.43,False,True,False
1697.8,427.1,5.7,1,-0.8660254037844384,-0.5000000000000004,4.95,False,False,False
1907.3,460.4,46.0,1,-0.8660254037844384,-0.5000000000000004,10.58,False,True,False
680.8,198.5,18.1,1,-0.8660254037844384,-0.5000000000000004,8.9,False,True,False
500.4,542.7,16.0,1,-0.8660254037844384,-0.5000000000000004,10.52,False,True,False
682.6,2081.0,18.0,0,-1.0,-1.8369701987210297e-16,14.11,False,True,False
955.4,586.3,28.3,0,-1.0,-1.8369701987210297e-16,8.71,False,True,False
1160.6,629.6,28.1,0,-1.0,-1.8369701987210297e-16,10.66,False,True,False
1180.1,1364.8,28.5,0,-1.0,-1.8369701987210297e-16,8.25,True,False,False
1199.4,637.9,5.1,0,-1.0,-1.8369701987210297e-16,5.34,False,False,False
1328.9,1524.8,31.0,0,-1.0,-1.8369701987210297e-16,7.18,True,False,False
923.6,1151.0,25.0,0,-1.0,-1.8369701987210297e-16,12.16,False,True,False
676.1,983.0,22.8,0,-1.0,-1.8369701987210297e-16,16.57,False,True,False
2342.4,361.7,99.2,0,-1.0,-1.8369701987210297e-16,12.74,False,False,True
488.5,884.6,14.2,0,-1.0,-1.8369701987210297e-16,5.07,True,False,False
2871.9,1622.0,121.6,0,-1.0,-1.8369701987210297e-16,11.93,False,False,True
162.4,327.5,6.5,0,-1.0,-1.8369701987210297e-16,3.49,False,True,False
600.9,289.1,16.8,0,-1.0,-1.8369701987210297e-16,9.76,True,False,False
641.8,512.2,29.1,0,-1.0,-1.8369701987210297e-16,5.02,False,False,True
1058.2,181.1,26.5,0,-1.0,-1.8369701987210297e-16,5.52,False,True,False
783.0,737.7,7.3,0,-1.0,-1.8369701987210297e-16,4.6,False,False,False
970.4,349.8,24.5,0,-1.0,-1.8369701987210297e-16,7.91,False,True,False
1521.6,512.3,31.6,1,-1.0,-1.8369701987210297e-16,14.33,True,False,False
522.5,82.3,27.7,1,-1.0,-1.8369701987210297e-16,4.67,False,False,True
378.9,305.9,12.3,1,-1.0,-1.8369701987210297e-16,6.58,True,False,False
1175.6,619.7,33.3,1,-1.0,-1.8369701987210297e-16,15.19,False,True,False
1626.7,1157.4,34.9,1,-1.0,-1.8369701987210297e-16,12.68,True,False,False
790.0,1234.2,19.6,1,-1.0,-1.8369701987210297e-16,11.91,False,True,False
232.1,2140.0,7.6,1,-1.0,-1.8369701987210297e-16,18.88,True,False,False
929.2,349.2,41.8,1,-1.0,-1.8369701987210297e-16,10.39,False,False,True
1014.5,1506.0,28.3,1,-1.0,-1.8369701987210297e-16,17.13,False,True,False
2265.2,721.5,10.7,1,-1.0,-1.8369701987210297e-16,14.94,False,False,False
1227.2,1199.8,31.8,1,-1.0,-1.8369701987210297e-16,16.16,False,True,False
994.2,632.2,21.1,1,-1.0,-1.8369701987210297e-16,20.55,True,False,False
1831.1,1065.3,47.9,1,-1.0,-1.8369701987210297e-16,15.35,False,True,False
410.2,246.2,13.4,0,-1.0,-1.8369701987210297e-16,3.49,False,True,False
2462.9,523.2,104.6,0,-1.0,-1.8369701987210297e-16,12.21,False,False,True
704.8,356.2,19.5,0,-1.0,-1.8369701987210297e-16,5.73,False,True,False
1018.7,1433.9,29.2,0,-1.0,-1.8369701987210297e-16,6.01,False,True,False
2012.2,1159.7,87.3,0,-1.0,-1.8369701987210297e-16,12.32,False,False,True
758.1,844.4,19.8,0,-1.0,-1.8369701987210297e-16,5.57,False,True,False
1360.6,735.7,62.3,0,-1.0,-1.8369701987210297e-16,4.69,False,False,True
1739.8,471.8,45.7,0,-1.0,-1.8369701987210297e-16,11.18,False,True,False
2065.4,526.8,40.2,0,-1.0,-1.8369701987210297e-16,10.62,True,False,False
724.4,122.2,7.5,0,-1.0,-1.8369701987210297e-16,2.31,False,False,False
1197.8,738.8,26.5,0,-1.0,-1.8369701987210297e-16,4.85,True,False,False
444.2,605.5,13.0,0,-1.0,-1.8369701987210297e-16,6.18,True,False,False
1999.9,299.1,49.5,0,-1.0,-1.8369701987210297e-16,16.37,False,True,False
1684.6,795.7,40.5,0,-1.0,-1.8369701987210297e-16,8.22,False,True,False
810.2,400.8,23.5,0,-1.0,-1.8369701987210297e-16,8.06,False,True,False
1150.8,442.3,32.2,0,-1.0,-1.8369701987210297e-16,7.61,False,True,False
1000.4,217.5,27.3,0,-1.0,-1.8369701987210297e-16,6.34,False,True,False
2095.4,905.6,50.5,0,-1.0,-1.8369701987210297e-16,12.73,False,True,False
1350.5,666.9,36.8,0,-1.0,-1.8369701987210297e-16,6.75,False,True,False
1351.6,857.7,31.3,0,-1.0,-1.8369701987210297e-16,12.59,True,False,False
2680.8,550.2,8.0,0,-1.0,-1.8369701987210297e-16,9.22,False,False,False
552.3,543.3,19.8,0,-1.0,-1.8369701987210297e-16,8.94,False,True,False
729.5,689.3,34.9,0,-1.0,-1.8369701987210297e-16,4.53,False,False,True
877.4,695.0,21.6,0,-1.0,-1.8369701987210297e-16,5.84,False,True,False
2034.0,851.7,8.1,0,-1.0,-1.8369701987210297e-16,7.02,False,False,False
1759.4,523.0,42.6,0,-1.0,-1.8369701987210297e-16,13.19,False,True,False
643.6,210.0,20.3,0,-1.0,-1.8369701987210297e-16,11.12,False,True,False
433.7,322.1,11.9,0,-1.0,-1.8369701987210297e-16,6.99,False,True,False
2120.9,349.9,49.1,1,-1.0,-1.8369701987210297e-16,17.12,False,True,False
1752.9,161.4,45.3,1,-1.0,-1.8369701987210297e-16,17.67,False,True,False
1285.7,1023.9,31.4,1,-1.0,-1.8369701987210297e-16,13.08,False,True,False
933.4,747.5,24.2,1,-1.0,-1.8369701987210297e-16,11.66,False,True,False
1504.3,299.9,35.3,1,-1.0,-1.8369701987210297e-16,15.33,True,False,False
1861.6,1015.6,44.1,1,-1.0,-1.8369701987210297e-16,16.89,False,True,False
1542.2,1263.3,5.9,1,-1.0,-1.8369701987210297e-16,11.17,False,False,False
2607.6,740.0,7.1,1,-1.0,-1.8369701987210297e-16,15.0,False,False,False
1499.1,307.5,36.4,0,-1.0,-1.8369701987210297e-16,7.44,False,True,False
958.9,744.6,24.6,0,-1.0,-1.8369701987210297e-16,8.55,False,True,False
1717.1,734.5,75.1,0,-1.0,-1.8369701987210297e-16,8.49,False,False,True
1955.8,191.7,47.3,0,-1.0,-1.8369701987210297e-16,14.62,False,True,False
1745.9,1319.6,35.4,0,-1.0,-1.8369701987210297e-16,14.37,True,False,False
1696.8,561.2,34.4,0,-1.0,-1.8369701987210297e-16,8.9,True,False,False
1602.4,950.9,33.2,0,-1.0,-1.8369701987210297e-16,10.35,True,False,False
989.3,1223.5,6.7,0,-1.0,-1.8369701987210297e-16,5.31,False,False,False
1350.4,1156.0,36.6,0,-1.0,-1.8369701987210297e-16,12.21,False,True,False
1765.6,817.5,39.2,0,-1.0,-1.8369701987210297e-16,9.93,True,False,False
677.0,580.4,19.6,0,-1.0,-1.8369701987210297e-16,8.83,False,True,False
895.7,889.0,23.7,0,-1.0,-1.8369701987210297e-16,4.61,True,False,False
2165.5,855.5,46.0,0,-1.0,-1.8369701987210297e-16,12.6,True,False,False
1542.1,1435.5,41.1,0,-1.0,-1.8369701987210297e-16,34.48,False,True,False
2231.4,377.0,46.5,0,-1.0,-1.8369701987210297e-16,12.47,True,False,False
2618.6,1920.4,9.2,0,-1.0,-1.8369701987210297e-16,13.59,False,False,False
942.7,974.4,24.1,1,-1.0,-1.8369701987210297e-16,15.03,False,True,False
1566.0,222.5,8.1,1,-1.0,-1.8369701987210297e-16,6.52,False,False,False
470.2,407.6,12.9,1,-1.0,-1.8369701987210297e-16,13.24,False,True,False
456.2,462.8,3.7,1,-1.0,-1.8369701987210297e-16,2.37,False,False,False
710.0,65.9,35.5,1,-1.0,-1.8369701987210297e-16,5.14,False,False,True
258.3,1398.7,12.5,1,-1.0,-1.8369701987210297e-16,12.49,False,True,False
2389.0,487.1,11.4,1,-1.0,-1.8369701987210297e-16,13.49,False,False,False
1142.2,880.8,9.0,0,-1.0,-1.8369701987210297e-16,5.67,False,False,False
1595.3,147.2,39.6,0,-1.0,-1.8369701987210297e-16,11.87,False,True,False
433.7,1111.5,15.6,0,-1.0,-1.8369701987210297e-16,21.58,True,False,False
991.1,1069.3,20.7,0,-1.0,-1.8369701987210297e-16,11.61,True,False,False
815.6,1282.9,19.9,0,-1.0,-1.8369701987210297e-16,5.02,True,False,False
1091.0,1274.4,25.7,0,-1.0,-1.8369701987210297e-16,8.37,True,False,False
1723.7,1885.6,37.1,0,-1.0,-1.8369701987210297e-16,9.24,True,False,False
484.9,1362.2,18.4,0,-1.0,-1.8369701987210297e-16,9.96,False,True,False
460.4,220.0,17.0,0,-1.0,-1.8369701987210297e-16,4.44,False,True,False
1517.2,1067.2,35.8,0,-1.0,-1.8369701987210297e-16,6.73,False,True,False
1094.3,290.0,6.9,0,-1.0,-1.8369701987210297e-16,17.05,False,False,False
1866.8,464.9,49.4,0,-1.0,-1.8369701987210297e-16,15.15,False,True,False
1259.3,1580.5,31.3,0,-1.0,-1.8369701987210297e-16,7.18,False,True,False
2566.6,246.5,9.4,0,-1.0,-1.8369701987210297e-16,9.34,False,False,False
1470.1,380.7,34.9,0,-1.0,-1.8369701987210297e-16,11.43,False,True,False
1310.3,539.2,36.2,0,-1.0,-1.8369701987210297e-16,10.04,False,True,False
1567.9,991.9,40.6,0,-1.0,-1.8369701987210297e-16,19.69,False,True,False
1574.5,501.9,35.0,0,-1.0,-1.8369701987210297e-16,9.72,True,False,False
1372.0,1037.6,29.5,0,-1.0,-1.8369701987210297e-16,5.7,True,False,False
229.9,1353.4,8.8,1,-1.0,-1.8369701987210297e-16,13.64,False,True,False
879.7,380.3,22.4,1,-1.0,-1.8369701987210297e-16,9.11,False,True,False
568.3,379.7,19.6,1,-1.0,-1.8369701987210297e-16,7.94,False,True,False
1024.3,1635.9,23.4,1,-1.0,-1.8369701987210297e-16,11.81,True,False,False
1241.6,2510.3,34.3,1,-1.0,-1.8369701987210297e-16,20.91,False,True,False
1259.6,1519.8,35.3,1,-1.0,-1.8369701987210297e-16,18.34,False,True,False
2306.2,594.9,7.4,1,-1.0,-1.8369701987210297e-16,10.54,False,False,False
1251.2,292.9,5.4,0,-1.0,-1.8369701987210297e-16,3.54,False,False,False
2830.3,698.8,10.1,0,-1.0,-1.8369701987210297e-16,12.72,False,False,False
608.9,929.0,17.9,0,-1.0,-1.8369701987210297e-16,6.66,True,False,False
1936.2,1262.6,42.1,0,-1.0,-1.8369701987210297e-16,8.96,True,False,False
1953.2,1672.3,51.4,0,-1.0,-1.8369701987210297e-16,8.43,False,True,False
539.8,225.9,16.7,0,-1.0,-1.8369701987210297e-16,3.4,False,True,False
1436.6,876.7,33.8,0,-1.0,-1.8369701987210297e-16,9.43,True,False,False
725.2,2005.3,19.5,0,-1.0,-1.8369701987210297e-16,7.47,False,True,False
1009.8,984.4,22.2,0,-0.8660254037844386,0.5000000000000001,4.63,True,False,False
1334.8,438.3,26.4,0,-0.8660254037844386,0.5000000000000001,2.98,True,False,False
2140.4,677.7,55.3,0,-0.8660254037844386,0.5000000000000001,13.08,False,True,False
1602.7,478.8,69.1,0,-0.8660254037844386,0.5000000000000001,6.75,False,False,True
423.2,1883.2,13.6,0,-0.8660254037844386,0.5000000000000001,2.9,True,False,False
2056.8,963.3,53.2,0,-0.8660254037844386,0.5000000000000001,11.12,False,True,False
552.4,505.0,15.3,0,-0.8660254037844386,0.5000000000000001,5.68,False,True,False
715.6,2460.5,18.3,0,-0.8660254037844386,0.5000000000000001,3.74,False,True,False
1525.7,1233.1,32.3,1,-0.8660254037844386,0.5000000000000001,17.92,True,False,False
273.5,836.2,12.8,1,-0.8660254037844386,0.5000000000000001,11.4,False,True,False
1970.8,713.8,47.2,1,-0.8660254037844386,0.5000000000000001,12.77,False,True,False
3229.2,238.1,133.7,1,-0.8660254037844386,0.5000000000000001,17.09,False,False,True
3052.7,487.2,128.4,1,-0.8660254037844386,0.5000000000000001,13.6,False,False,True
3445.5,986.2,140.3,1,-0.8660254037844386,0.5000000000000001,18.1,False,False,True
2902.7,1333.6,123.7,0,-0.8660254037844386,0.5000000000000001,17.44,False,False,True
392.3,1008.2,15.4,0,-0.8660254037844386,0.5000000000000001,2.25,False,True,False
1329.5,114.7,33.7,0,-0.8660254037844386,0.5000000000000001,9.14,False,True,False
178.0,1177.2,11.2,0,-0.8660254037844386,0.5000000000000001,2.73,False,True,False
2744.7,247.2,7.6,0,-0.8660254037844386,0.5000000000000001,13.65,False,False,False
2057.3,573.3,49.7,0,-0.8660254037844386,0.5000000000000001,13.36,False,True,False
330.0,422.7,11.7,0,-0.8660254037844386,0.5000000000000001,3.22,False,True,False
2088.8,306.9,53.2,0,-0.8660254037844386,0.5000000000000001,13.7,False,True,False
1553.3,1894.6,33.0,0,-0.8660254037844386,0.5000000000000001,5.78,True,False,False
235.1,437.7,12.5,0,-0.8660254037844386,0.5000000000000001,4.45,False,True,False
560.9,1195.8,8.9,0,-0.8660254037844386,0.5000000000000001,-2.54,False,False,False
396.9,1896.9,16.5,0,-0.8660254037844386,0.5000000000000001,4.43,False,True,False
1809.8,434.7,43.7,0,-0.8660254037844386,0.5000000000000001,9.68,False,True,False
2195.0,229.1,92.6,0,-0.8660254037844386,0.5000000000000001,6.29,False,False,True
513.2,1006.8,18.8,0,-0.8660254037844386,0.5000000000000001,3.85,False,True,False
512.6,916.2,15.0,0,-0.8660254037844386,0.5000000000000001,3.2,False,True,False
2014.6,448.8,48.9,0,-0.8660254037844386,0.5000000000000001,7.37,False,True,False
1712.5,549.9,43.9,0,-0.8660254037844386,0.5000000000000001,5.28,False,True,False
1186.7,1081.3,34.3,0,-0.8660254037844386,0.5000000000000001,4.87,False,True,False
2528.2,570.9,10.3,0,-0.8660254037844386,0.5000000000000001,5.12,False,False,False
1742.3,673.2,74.6,0,-0.8660254037844386,0.5000000000000001,9.3,False,False,True
324.5,1551.9,16.7,1,-0.8660254037844386,0.5000000000000001,8.7,False,False,True
1677.2,379.0,9.8,1,-0.8660254037844386,0.5000000000000001,8.5,False,False,False
1666.1,2325.9,35.4,0,-0.8660254037844386,0.5000000000000001,6.06,True,False,False
2110.4,960.8,49.7,0,-0.8660254037844386,0.5000000000000001,9.85,False,True,False
2269.7,826.1,44.9,0,-0.8660254037844386,0.5000000000000001,14.27,True,False,False
1569.3,242.4,38.0,0,-0.8660254037844386,0.5000000000000001,4.89,False,True,False
2780.2,1238.5,8.9,0,-0.8660254037844386,0.5000000000000001,10.07,False,False,False
1691.7,201.7,74.4,0,-0.8660254037844386,0.5000000000000001,7.15,False,False,True
1937.4,236.5,47.8,0,-0.8660254037844386,0.5000000000000001,7.92,False,True,False
253.7,188.0,15.3,0,-0.8660254037844386,0.5000000000000001,2.65,False,False,True
782.6,859.8,5.1,0,-0.8660254037844386,0.5000000000000001,3.73,False,False,False
1661.1,223.4,39.9,0,-0.8660254037844386,0.5000000000000001,8.57,False,True,False
348.1,630.1,12.0,0,-0.8660254037844386,0.5000000000000001,2.85,False,True,False
2028.8,625.4,48.1,0,-0.8660254037844386,0.5000000000000001,9.83,False,True,False
1342.8,602.7,29.3,1,-0.8660254037844386,0.5000000000000001,15.13,True,False,False
827.2,19.4,37.1,1,-0.8660254037844386,0.5000000000000001,5.72,False,False,True
543.6,220.3,14.8,1,-0.8660254037844386,0.5000000000000001,4.49,False,True,False
354.0,216.2,15.6,1,-0.8660254037844386,0.5000000000000001,5.63,False,True,False
1650.1,695.8,34.2,1,-0.8660254037844386,0.5000000000000001,9.03,True,False,False
1665.6,127.3,35.7,1,-0.8660254037844386,0.5000000000000001,7.19,True,False,False
366.2,363.7,12.4,0,-0.8660254037844386,0.5000000000000001,3.8,True,False,False
1398.2,488.6,59.8,0,-0.8660254037844386,0.5000000000000001,11.15,False,False,True
370.6,789.6,22.7,0,-0.8660254037844386,0.5000000000000001,3.43,False,False,True
635.7,475.6,17.1,0,-0.8660254037844386,0.5000000000000001,5.11,False,True,False
1253.0,753.1,6.1,0,-0.8660254037844386,0.5000000000000001,0.75,False,False,False
1176.6,1366.7,27.4,0,-0.8660254037844386,0.5000000000000001,4.16,True,False,False
1218.8,977.1,34.9,0,-0.8660254037844386,0.5000000000000001,9.97,False,True,False
2273.2,1446.4,8.2,0,-0.8660254037844386,0.5000000000000001,5.3,False,False,False
2139.0,539.7,45.6,0,-0.8660254037844386,0.5000000000000001,7.85,True,False,False
331.0,2151.1,9.6,0,-0.8660254037844386,0.5000000000000001,3.36,True,False,False
2843.7,152.8,118.8,0,-0.8660254037844386,0.5000000000000001,12.19,False,False,True
212.2,1404.2,5.7,0,-0.8660254037844386,0.5000000000000001,-2.39,False,False,False
1441.4,784.4,31.7,1,-0.8660254037844386,0.5000000000000001,10.49,True,False,False
1671.7,1177.7,43.2,1,-0.8660254037844386,0.5000000000000001,10.28,False,True,False
3119.9,291.5,129.7,1,-0.8660254037844386,0.5000000000000001,18.45,False,False,True
2840.2,102.6,7.2,1,-0.8660254037844386,0.5000000000000001,9.1,False,False,False
2017.2,587.9,49.8,1,-0.8660254037844386,0.5000000000000001,15.86,False,True,False
1278.6,389.1,33.2,0,-0.8660254037844386,0.5000000000000001,8.21,False,True,False
807.9,99.5,8.5,0,-0.8660254037844386,0.5000000000000001,-1.37,False,False,False
2991.4,752.0,124.0,0,-0.8660254037844386,0.5000000000000001,10.24,False,False,True
1123.3,1469.5,29.9,0,-0.8660254037844386,0.5000000000000001,5.83,False,True,False
1832.2,769.9,37.9,0,-0.8660254037844386,0.5000000000000001,10.49,True,False,False
164.3,766.6,11.4,0,-0.8660254037844386,0.5000000000000001,4.5,False,True,False
2136.1,194.9,43.2,0,-0.8660254037844386,0.5000000000000001,7.35,True,False,False
2281.8,250.1,48.7,0,-0.8660254037844386,0.5000000000000001,6.93,True,False,False
1517.5,669.0,10.2,0,-0.8660254037844386,0.5000000000000001,6.8,False,False,False
1598.1,162.7,39.0,0,-0.8660254037844386,0.5000000000000001,15.78,False,True,False
373.3,685.1,13.8,0,-0.8660254037844386,0.5000000000000001,2.22,True,False,False
1525.6,683.6,36.4,0,-0.8660254037844386,0.5000000000000001,6.85,False,True,False
756.4,813.5,22.9,0,-0.8660254037844386,0.5000000000000001,4.47,False,True,False
1338.5,821.0,4.5,0,-0.8660254037844386,0.5000000000000001,1.69,False,False,False
299.1,293.4,9.5,0,-0.8660254037844386,0.5000000000000001,10.25,False,True,False
1963.8,470.6,39.1,0,-0.8660254037844386,0.5000000000000001,7.12,True,False,False
1901.8,179.3,44.5,0,-0.8660254037844386,0.5000000000000001,7.32,False,True,False
2593.3,1311.7,109.7,0,-0.8660254037844386,0.5000000000000001,13.75,False,False,True
623.7,415.4,20.5,0,-0.8660254037844386,0.5000000000000001,2.13,False,True,False
2413.9,663.8,9.0,0,-0.8660254037844386,0.5000000000000001,6.07,False,False,False
1762.0,1478.2,9.0,1,-0.5000000000000004,0.8660254037844384,10.98,False,False,False
1105.7,382.5,30.8,1,-0.5000000000000004,0.8660254037844384,12.65,False,True,False
1294.3,1305.5,31.0,1,-0.5000000000000004,0.8660254037844384,12.69,False,True,False
2106.9,214.4,53.3,0,-0.5000000000000004,0.8660254037844384,10.87,False,True,False
845.6,591.5,25.7,0,-0.5000000000000004,0.8660254037844384,4.83,False,True,False
1498.0,1121.6,30.9,0,-0.5000000000000004,0.8660254037844384,10.61,True,False,False
2036.3,718.6,39.3,0,-0.5000000000000004,0.8660254037844384,11.75,True,False,False
806.8,1133.4,22.1,0,-0.5000000000000004,0.8660254037844384,7.95,False,True,False
1655.4,916.8,39.0,0,-0.5000000000000004,0.8660254037844384,10.02,False,True,False
985.9,200.5,28.4,0,-0.5000000000000004,0.8660254037844384,8.05,False,True,False
839.6,2166.8,40.2,0,-0.5000000000000004,0.8660254037844384,8.61,False,False,True
396.8,441.8,13.4,0,-0.5000000000000004,0.8660254037844384,6.87,False,True,False
1791.9,323.8,45.8,0,-0.5000000000000004,0.8660254037844384,13.45,False,True,False
1331.4,846.6,5.6,0,-0.5000000000000004,0.8660254037844384,5.18,False,False,False
817.9,504.4,6.7,0,-0.5000000000000004,0.8660254037844384,1.94,False,False,False
507.6,284.5,24.3,0,-0.5000000000000004,0.8660254037844384,9.57,False,False,True
1259.8,439.8,33.7,0,-0.5000000000000004,0.8660254037844384,7.34,False,True,False
1041.5,520.0,26.2,0,-0.5000000000000004,0.8660254037844384,4.47,True,False,False
2211.1,843.4,93.2,0,-0.5000000000000004,0.8660254037844384,8.32,False,False,True
849.6,359.7,26.2,0,-0.5000000000000004,0.8660254037844384,7.23,False,True,False
1524.4,1479.2,38.2,0,-0.5000000000000004,0.8660254037844384,13.68,False,True,False
973.8,480.7,28.0,0,-0.5000000000000004,0.8660254037844384,9.79,False,True,False
1078.1,1009.6,9.9,0,-0.5000000000000004,0.8660254037844384,7.48,False,False,False
638.0,2013.4,4.7,0,-0.5000000000000004,0.8660254037844384,8.37,False,False,False
272.5,2171.5,13.0,0,-0.5000000000000004,0.8660254037844384,3.72,False,False,True
1011.6,657.7,6.7,0,-0.5000000000000004,0.8660254037844384,2.56,False,False,False
1056.3,538.6,30.0,0,-0.5000000000000004,0.8660254037844384,10.87,False,True,False
2180.8,680.0,94.7,0,-0.5000000000000004,0.8660254037844384,19.36,False,False,True
244.2,504.2,9.9,0,-0.5000000000000004,0.8660254037844384,11.7,True,False,False
1051.7,301.8,28.9,1,-0.5000000000000004,0.8660254037844384,9.72,False,True,False
254.9,993.0,8.7,1,-0.5000000000000004,0.8660254037844384,9.18,False,True,False
2280.2,3415.2,7.3,1,-0.5000000000000004,0.8660254037844384,31.03,False,False,False
1810.3,1555.9,45.6,1,-0.5000000000000004,0.8660254037844384,28.08,False,True,False
865.1,553.8,23.7,0,-0.5000000000000004,0.8660254037844384,7.26,False,True,False
2021.7,236.7,48.0,0,-0.5000000000000004,0.8660254037844384,13.05,False,True,False
1685.4,265.6,41.6,0,-0.5000000000000004,0.8660254037844384,10.05,False,True,False
1637.0,758.0,39.3,0,-0.5000000000000004,0.8660254037844384,7.32,False,True,False
249.1,1035.6,8.6,0,-0.5000000000000004,0.8660254037844384,4.76,False,True,False
667.0,1050.5,17.1,0,-0.5000000000000004,0.8660254037844384,7.81,False,True,False
2069.8,467.8,86.0,0,-0.5000000000000004,0.8660254037844384,8.11,False,False,True
872.3,854.9,27.1,0,-0.5000000000000004,0.8660254037844384,8.75,False,True,False
1848.7,786.4,46.9,0,-0.5000000000000004,0.8660254037844384,8.53,False,True,False
1643.7,1115.9,39.9,0,-0.5000000000000004,0.8660254037844384,15.84,False,True,False
1383.7,791.6,35.4,0,-0.5000000000000004,0.8660254037844384,7.87,False,True,False
1059.3,72.3,22.8,0,-0.5000000000000004,0.8660254037844384,8.52,True,False,False
1801.1,1166.5,46.0,0,-0.5000000000000004,0.8660254037844384,9.22,False,True,False
983.8,517.2,45.1,1,-0.5000000000000004,0.8660254037844384,7.08,False,False,True
1612.4,1542.1,7.7,1,-0.5000000000000004,0.8660254037844384,9.46,False,False,False
1513.4,1329.0,41.6,1,-0.5000000000000004,0.8660254037844384,13.72,False,True,False
410.0,397.5,15.9,1,-0.5000000000000004,0.8660254037844384,8.16,False,True,False
895.2,1079.6,19.9,1,-0.5000000000000004,0.8660254037844384,11.53,True,False,False
937.8,793.1,20.6,1,-0.5000000000000004,0.8660254037844384,12.05,True,False,False
827.1,333.1,26.3,1,-0.5000000000000004,0.8660254037844384,12.4,False,True,False
1777.6,814.7,45.0,1,-0.5000000000000004,0.8660254037844384,17.91,False,True,False
1265.9,704.5,30.8,0,-0.5000000000000004,0.8660254037844384,12.73,False,True,False
2182.7,328.1,44.1,0,-0.5000000000000004,0.8660254037844384,7.88,True,False,False
1647.0,1878.8,41.7,0,-0.5000000000000004,0.8660254037844384,10.0,False,True,False
1792.3,583.4,9.8,0,-0.5000000000000004,0.8660254037844384,11.55,False,False,False
706.7,451.0,6.5,0,-0.5000000000000004,0.8660254037844384,1.86,False,False,False
520.6,875.3,17.7,0,-0.5000000000000004,0.8660254037844384,5.48,False,True,False
150.1,893.0,6.5,0,-0.5000000000000004,0.8660254037844384,7.57,False,True,False
820.0,190.9,17.2,0,-0.5000000000000004,0.8660254037844384,4.87,True,False,False
202.6,2455.5,8.2,0,-0.5000000000000004,0.8660254037844384,3.94,True,False,False
2058.7,1226.5,41.0,0,-0.5000000000000004,0.8660254037844384,13.22,True,False,False
2064.8,1481.9,42.0,0,-0.5000000000000004,0.8660254037844384,12.73,True,False,False
250.3,396.9,9.4,0,-0.5000000000000004,0.8660254037844384,17.17,True,False,False
697.5,742.3,16.8,0,-0.5000000000000004,0.8660254037844384,4.62,True,False,False
2219.9,1001.8,9.5,0,-0.5000000000000004,0.8660254037844384,6.7,False,False,False
1890.7,601.5,46.7,0,-0.5000000000000004,0.8660254037844384,10.36,False,True,False
923.0,360.2,26.6,0,-0.5000000000000004,0.8660254037844384,7.37,False,True,False
1419.3,546.1,38.7,1,-0.5000000000000004,0.8660254037844384,18.08,False,True,False
2381.6,562.8,10.1,1,-0.5000000000000004,0.8660254037844384,12.01,False,False,False
2032.7,854.2,51.8,1,-0.5000000000000004,0.8660254037844384,15.28,False,True,False
956.8,899.6,27.8,1,-0.5000000000000004,0.8660254037844384,13.88,False,True,False
1975.3,1518.3,49.5,1,-0.5000000000000004,0.8660254037844384,18.18,False,True,False
1345.7,241.2,32.1,1,-0.5000000000000004,0.8660254037844384,10.68,False,True,False
2220.4,1738.9,9.7,1,-0.5000000000000004,0.8660254037844384,13.42,False,False,False
2006.4,665.2,7.5,1,-0.5000000000000004,0.8660254037844384,12.14,False,False,False
1900.6,657.4,45.9,1,-0.5000000000000004,0.8660254037844384,19.67,False,True,False
376.7,745.2,6.6,1,-0.5000000000000004,0.8660254037844384,4.43,False,False,False
2504.0,919.3,7.6,1,-0.5000000000000004,0.8660254037844384,11.98,False,False,False
1983.8,430.0,40.1,0,-0.5000000000000004,0.8660254037844384,16.95,True,False,False
2153.4,310.5,51.0,0,-0.5000000000000004,0.8660254037844384,9.71,False,True,False
2169.1,479.8,41.9,0,-0.5000000000000004,0.8660254037844384,23.06,True,False,False
1270.7,1030.6,34.0,0,-0.5000000000000004,0.8660254037844384,9.63,False,True,False
2192.9,567.2,55.3,0,-0.5000000000000004,0.8660254037844384,10.61,False,True,False
1634.8,2273.4,9.6,0,-0.5000000000000004,0.8660254037844384,4.16,False,False,False
1250.3,537.9,9.1,0,-0.5000000000000004,0.8660254037844384,2.31,False,False,False
1670.3,607.7,39.6,0,-0.5000000000000004,0.8660254037844384,10.26,False,True,False
371.5,327.3,15.7,0,-0.5000000000000004,0.8660254037844384,7.13,False,True,False
851.4,1104.5,23.5,0,-0.5000000000000004,0.8660254037844384,10.17,False,True,False
1266.3,1598.0,35.6,0,-0.5000000000000004,0.8660254037844384,12.92,False,True,False
235.2,720.9,10.3,0,-0.5000000000000004,0.8660254037844384,2.78,False,True,False
1141.2,446.3,28.4,0,-0.5000000000000004,0.8660254037844384,6.62,False,True,False
377.4,921.9,4.5,1,-0.5000000000000004,0.8660254037844384,6.83,False,False,False
1047.3,104.8,29.1,1,-0.5000000000000004,0.8660254037844384,19.79,False,True,False
425.9,1576.3,13.9,1,-0.5000000000000004,0.8660254037844384,13.4,False,True,False
2032.4,578.3,83.5,1,-0.5000000000000004,0.8660254037844384,13.24,False,False,True
437.0,40.9,15.1,1,-0.5000000000000004,0.8660254037844384,7.93,False,True,False
292.2,1055.8,7.0,0,-2.4492935982947064e-16,1.0,0.06,False,False,False
308.2,701.3,13.1,0,-2.4492935982947064e-16,1.0,7.63,False,True,False
861.2,216.8,21.8,0,-2.4492935982947064e-16,1.0,6.08,True,False,False
486.8,1520.9,17.8,0,-2.4492935982947064e-16,1.0,10.19,False,True,False
277.5,621.5,8.2,0,-2.4492935982947064e-16,1.0,4.26,True,False,False
1019.2,898.9,22.3,0,-2.4492935982947064e-16,1.0,4.71,True,False,False
202.7,1166.0,9.7,0,-2.4492935982947064e-16,1.0,2.52,False,True,False
1990.8,494.4,50.7,0,-2.4492935982947064e-16,1.0,10.93,False,True,False
2234.7,481.5,7.4,0,-2.4492935982947064e-16,1.0,7.65,False,False,False
2490.8,862.9,10.5,0,-2.4492935982947064e-16,1.0,7.35,False,False,False
2014.0,1131.0,47.1,0,-2.4492935982947064e-16,1.0,11.18,False,True,False
582.7,596.6,15.0,0,-2.4492935982947064e-16,1.0,6.7,True,False,False
1721.5,192.7,42.5,0,-2.4492935982947064e-16,1.0,9.14,False,True,False
325.1,530.6,12.1,0,-2.4492935982947064e-16,1.0,2.61,True,False,False
893.4,584.7,43.7,0,-2.4492935982947064e-16,1.0,3.96,False,False,True
1199.0,1981.5,25.1,0,-2.4492935982947064e-16,1.0,8.81,True,False,False
767.3,88.3,20.9,0,-2.4492935982947064e-16,1.0,6.73,True,False,False
970.4,1090.8,42.2,0,-2.4492935982947064e-16,1.0,4.69,False,False,True
2143.8,1267.7,7.9,0,-2.4492935982947064e-16,1.0,10.83,False,False,False
2231.4,769.1,92.8,1,-2.4492935982947064e-16,1.0,15.54,False,False,True
1210.7,819.1,50.5,1,-2.4492935982947064e-16,1.0,8.83,False,False,True
1626.3,348.6,40.8,1,-2.4492935982947064e-16,1.0,16.65,False,True,False
2108.7,1166.2,50.6,1,-2.4492935982947064e-16,1.0,14.34,False,True,False
1193.5,315.1,27.8,1,-2.4492935982947064e-16,1.0,9.12,True,False,False
325.1,586.0,15.0,0,-2.4492935982947064e-16,1.0,9.52,False,True,False
507.5,1080.9,14.8,0,-2.4492935982947064e-16,1.0,4.39,False,True,False
1020.0,958.5,22.7,0,-2.4492935982947064e-16,1.0,8.97,True,False,False
266.5,257.3,8.4,0,-2.4492935982947064e-16,1.0,15.17,True,False,False
1975.8,462.9,51.3,0,-2.4492935982947064e-16,1.0,11.56,False,True,False
1924.4,127.5,50.3,0,-2.4492935982947064e-16,1.0,15.52,False,True,False
2087.3,373.4,54.4,0,-2.4492935982947064e-16,1.0,9.5,False,True,False
656.1,238.9,21.9,0,-2.4492935982947064e-16,1.0,6.73,False,True,False
835.4,1162.9,7.7,0,-2.4492935982947064e-16,1.0,3.95,False,False,False
2209.7,1342.1,45.3,0,-2.4492935982947064e-16,1.0,9.66,True,False,False
1103.3,763.0,30.9,0,-2.4492935982947064e-16,1.0,7.97,False,True,False
849.0,626.9,25.2,0,-2.4492935982947064e-16,1.0,10.73,False,True,False
3409.4,696.4,143.8,0,-2.4492935982947064e-16,1.0,25.68,False,False,True
494.0,472.3,13.4,0,-2.4492935982947064e-16,1.0,8.22,False,True,False
654.0,323.1,21.3,0,-2.4492935982947064e-16,1.0,9.53,False,True,False
1130.9,656.2,27.7,0,-2.4492935982947064e-16,1.0,10.67,False,True,False
1184.1,841.6,33.4,0,-2.4492935982947064e-16,1.0,8.26,False,True,False
1873.9,1923.8,81.8,0,-2.4492935982947064e-16,1.0,9.02,False,False,True
901.9,1274.4,23.6,0,-2.4492935982947064e-16,1.0,10.64,False,True,False
942.8,171.0,21.5,0,-2.4492935982947064e-16,1.0,13.8,True,False,False
1715.6,269.8,40.3,0,-2.4492935982947064e-16,1.0,12.07,False,True,False
1411.6,1581.1,38.6,1,-2.4492935982947064e-16,1.0,17.4,False,True,False
781.0,509.8,22.4,1,-2.4492935982947064e-16,1.0,8.18,False,True,False
1755.9,261.1,45.2,1,-2.4492935982947064e-16,1.0,10.52,False,True,False
303.5,366.8,10.0,1,-2.4492935982947064e-16,1.0,20.27,False,True,False
987.3,511.8,28.5,1,-2.4492935982947064e-16,1.0,12.22,False,True,False
701.8,78.1,21.2,1,-2.4492935982947064e-16,1.0,8.71,False,True,False
1292.4,1583.7,55.9,1,-2.4492935982947064e-16,1.0,14.33,False,False,True
466.4,558.3,24.8,0,-2.4492935982947064e-16,1.0,3.67,False,False,True
718.0,920.9,19.5,0,-2.4492935982947064e-16,1.0,9.78,False,True,False
563.1,1415.6,15.1,0,-2.4492935982947064e-16,1.0,4.56,False,True,False
1392.9,2278.3,32.8,0,-2.4492935982947064e-16,1.0,12.6,True,False,False
1057.6,524.2,26.8,0,-2.4492935982947064e-16,1.0,12.4,True,False,False
173.2,134.0,9.1,0,-2.4492935982947064e-16,1.0,5.14,False,True,False
1874.2,216.0,7.8,0,-2.4492935982947064e-16,1.0,8.23,False,False,False
399.6,653.7,6.5,0,-2.4492935982947064e-16,1.0,4.45,False,False,False
577.0,115.0,19.8,0,-2.4492935982947064e-16,1.0,9.11,False,True,False
1715.2,46.1,45.6,0,-2.4492935982947064e-16,1.0,13.77,False,True,False
349.6,1670.3,10.7,0,-2.4492935982947064e-16,1.0,11.21,False,True,False
279.4,281.3,17.6,0,-2.4492935982947064e-16,1.0,6.14,False,False,True
236.5,1221.2,7.9,0,-2.4492935982947064e-16,1.0,4.68,True,False,False
448.1,921.1,6.7,1,-2.4492935982947064e-16,1.0,8.01,False,False,False
1906.3,1532.0,41.7,1,-2.4492935982947064e-16,1.0,14.69,True,False,False
1543.3,262.3,9.3,1,-2.4492935982947064e-16,1.0,5.58,False,False,False
1756.1,1274.9,44.3,1,-2.4492935982947064e-16,1.0,18.05,False,True,False
1009.2,717.4,26.8,1,-2.4492935982947064e-16,1.0,12.37,False,True,False
2604.8,637.0,9.4,0,-2.4492935982947064e-16,1.0,13.73,False,False,False
427.2,770.9,12.8,0,-2.4492935982947064e-16,1.0,6.48,False,True,False
178.4,1251.6,9.0,0,-2.4492935982947064e-16,1.0,3.59,False,True,False
628.8,1094.1,20.6,0,-2.4492935982947064e-16,1.0,13.0,False,True,False
508.0,1218.8,18.1,0,-2.4492935982947064e-16,1.0,7.45,False,True,False
1736.3,422.1,9.8,0,-2.4492935982947064e-16,1.0,7.75,False,False,False
1502.0,714.5,38.1,0,-2.4492935982947064e-16,1.0,9.36,False,True,False
208.7,511.7,9.6,0,-2.4492935982947064e-16,1.0,6.03,False,True,False
2521.7,508.8,8.4,0,-2.4492935982947064e-16,1.0,13.5,False,False,False
605.1,130.2,3.3,0,-2.4492935982947064e-16,1.0,4.66,False,False,False
1597.3,782.7,32.1,0,-2.4492935982947064e-16,1.0,6.49,True,False,False
1108.5,2844.8,25.7,0,-2.4492935982947064e-16,1.0,10.55,True,False,False
1387.2,142.3,35.7,0,-2.4492935982947064e-16,1.0,11.44,False,True,False
772.3,1119.2,19.7,0,-2.4492935982947064e-16,1.0,5.73,True,False,False
1630.2,335.1,42.5,0,-2.4492935982947064e-16,1.0,26.73,False,True,False
283.6,455.9,10.8,0,-2.4492935982947064e-16,1.0,4.08,True,False,False
1877.6,1350.3,8.0,1,-2.4492935982947064e-16,1.0,18.85,False,False,False
1576.9,226.1,36.6,1,-2.4492935982947064e-16,1.0,18.14,True,False,False
1716.5,1244.0,5.9,1,-2.4492935982947064e-16,1.0,13.14,False,False,False
1886.1,1330.6,44.9,1,-2.4492935982947064e-16,1.0,14.82,False,True,False
391.8,481.8,13.2,0,-2.4492935982947064e-16,1.0,3.87,False,True,False
1087.2,138.2,7.9,0,-2.4492935982947064e-16,1.0,8.29,False,False,False
2467.7,1037.8,103.3,0,-2.4492935982947064e-16,1.0,10.82,False,False,True
519.3,508.1,15.5,0,-2.4492935982947064e-16,1.0,9.78,False,True,False
1332.6,1510.5,36.0,0,-2.4492935982947064e-16,1.0,9.98,False,True,False
2733.1,1257.5,7.1,0,-2.4492935982947064e-16,1.0,9.34,False,False,False
1923.4,1737.4,48.0,0,-2.4492935982947064e-16,1.0,14.91,False,True,False
1880.2,751.0,49.6,0,-2.4492935982947064e-16,1.0,10.73,False,True,False
1966.7,997.0,50.0,0,-2.4492935982947064e-16,1.0,8.49,False,True,False
240.3,336.9,10.4,0,-2.4492935982947064e-16,1.0,4.92,False,True,False
1814.5,1361.4,43.2,0,-2.4492935982947064e-16,1.0,10.14,False,True,False
